,Name,Defect
0,c3r1e3n12,marcas
1,c3r1e3n28,marcas
2,c3r1e3n25,marcas
3,c3r1e3n11,marcas
4,c3r1e3n47,marcas
5,c3r1e3n43,marcas
6,c3r1e3n5,marcas
7,c3r1e3n44,marcas
8,c3r1e3n30,marcas
9,c3r1e3n41,marcas
10,c3r1e3n39,marcas
11,c3r1e3n40,marcas
12,c3r1e3n13,marcas
13,c3r1e3n22,marcas
14,c3r1e3n17,marcas
15,c3r1e3n33,marcas
16,c3r1e3n4,marcas
17,c3r1e3n3,marcas
18,c3r1e3n14,marcas
19,c3r1e3n20,marcas
20,c3r1e3n1,marcas
21,c3r1e3n6,marcas
22,c3r1e3n34,marcas
23,c3r1e3n37,marcas
24,c3r1e3n24,marcas
25,c3r1e3n23,marcas
26,c3r1e3n18,marcas
27,c3r1e3n26,marcas
28,c3r1e3n2,marcas
29,c3r1e3n31,marcas
30,c3r1e3n29,marcas
31,c3r1e3n7,marcas
32,c3r1e3n9,marcas
33,c3r1e3n46,marcas
34,c3r1e3n38,marcas
35,c3r1e3n50,marcas
36,c3r1e3n16,marcas
37,c3r1e3n15,marcas
38,c3r1e3n32,marcas
39,c3r1e3n35,marcas
40,c3r1e3n45,marcas
41,c3r1e3n49,marcas
42,c3r1e3n10,marcas
43,c3r1e3n8,marcas
44,c3r1e3n19,marcas
45,c3r1e3n36,marcas
46,c3r1e3n21,marcas
47,c3r1e3n48,marcas
48,c3r1e3n42,marcas
49,c3r1e3n27,marcas
50,c3r1e1n29,agujeros
51,c3r1e1n37,agujeros
52,c3r1e1n44,agujeros
53,c3r1e1n31,agujeros
54,c3r1e1n43,agujeros
55,c3r1e1n42,agujeros
56,c3r1e1n49,agujeros
57,c3r1e1n8,agujeros
58,c3r1e1n23,agujeros
59,c3r1e1n18,agujeros
60,c3r1e1n46,agujeros
61,c3r1e1n50,agujeros
62,c3r1e1n24,agujeros
63,c3r1e1n33,agujeros
64,c3r1e1n48,agujeros
65,c3r1e1n26,agujeros
66,c3r1e1n36,agujeros
67,c3r1e1n34,agujeros
68,c3r1e1n19,agujeros
69,c3r1e1n5,agujeros
70,c3r1e1n4,agujeros
71,c3r1e1n47,agujeros
72,c3r1e1n2,agujeros
73,c3r1e1n9,agujeros
74,c3r1e1n45,agujeros
75,c3r1e1n11,agujeros
76,c3r1e1n30,agujeros
77,c3r1e1n41,agujeros
78,c3r1e1n40,agujeros
79,c3r1e1n39,agujeros
80,c3r1e1n12,agujeros
81,c3r1e1n16,agujeros
82,c3r1e1n10,agujeros
83,c3r1e1n35,agujeros
84,c3r1e1n21,agujeros
85,c3r1e1n6,agujeros
86,c3r1e1n22,agujeros
87,c3r1e1n38,agujeros
88,c3r1e1n7,agujeros
89,c3r1e1n17,agujeros
90,c3r1e1n25,agujeros
91,c3r1e1n13,agujeros
92,c3r1e1n32,agujeros
93,c3r1e1n27,agujeros
94,c3r1e1n20,agujeros
95,c3r1e1n1,agujeros
96,c3r1e1n15,agujeros
97,c3r1e1n14,agujeros
98,c3r1e1n28,agujeros
99,c3r1e1n3,agujeros
100,c3r1e2n7,manchas
101,c3r1e2n6,manchas
102,c3r1e2n9,rayas_colores
103,c3r1e2n40,manchas
104,c3r1e2n8,manchas
105,c3r1e2n34,rayas_colores
106,c3r1e2n47,manchas
107,c3r1e2n41,manchas
108,c3r1e2n49,manchas
109,c3r1e2n1,manchas
110,c3r1e2n24,rayas_colores
111,c3r1e2n28,rayas_colores
112,c3r1e2n31,rayas_colores
113,c3r1e2n26,rayas_colores
114,c3r1e2n5,manchas
115,c3r1e2n39,manchas
116,c3r1e2n10,rayas_colores
117,c3r1e2n32,rayas_colores
118,c3r1e2n45,manchas
119,c3r1e2n27,rayas_colores
120,c3r1e2n37,manchas
121,c3r1e2n25,rayas_colores
122,c3r1e2n35,rayas_colores
123,c3r1e2n4,manchas
124,c3r1e2n17,rayas_colores
125,c3r1e2n23,rayas_colores
126,c3r1e2n38,manchas
127,c3r1e2n50,manchas
128,c3r1e2n13,rayas_colores
129,c3r1e2n11,rayas_colores
130,c3r1e2n22,rayas_colores
131,c3r1e2n18,rayas_colores
132,c3r1e2n44,manchas
133,c3r1e2n42,manchas
134,c3r1e2n46,manchas
135,c3r1e2n29,rayas_colores
136,c3r1e2n3,manchas
137,c3r1e2n14,rayas_colores
138,c3r1e2n30,rayas_colores
139,c3r1e2n33,rayas_colores
140,c3r1e2n43,manchas
141,c3r1e2n48,manchas
142,c3r1e2n12,rayas_colores
143,c3r1e2n16,rayas_colores
144,c3r1e2n2,manchas
145,c3r1e2n36,manchas
146,c3r1e2n21,rayas_colores
147,c3r1e2n19,rayas_colores
148,c3r1e2n15,rayas_colores
149,c3r1e2n20,rayas_colores
150,c3r1e4n46,other
151,c3r1e4n1,other
152,c3r1e4n43,other
153,c3r1e4n24,other
154,c3r1e4n11,other
155,c3r1e4n2,other
156,c3r1e4n12,other
157,c3r1e4n20,other
158,c3r1e4n29,other
159,c3r1e4n50,other
160,c3r1e4n31,other
161,c3r1e4n23,other
162,c3r1e4n32,other
163,c3r1e4n25,other
164,c3r1e4n33,other
165,c3r1e4n49,other
166,c3r1e4n35,other
167,c3r1e4n5,other
168,c3r1e4n13,other
169,c3r1e4n14,other
170,c3r1e4n38,other
171,c3r1e4n7,other
172,c3r1e4n39,other
173,c3r1e4n18,other
174,c3r1e4n37,other
175,c3r1e4n21,other
176,c3r1e4n27,other
177,c3r1e4n4,other
178,c3r1e4n42,other
179,c3r1e4n36,other
180,c3r1e4n47,other
181,c3r1e4n48,other
182,c3r1e4n19,other
183,c3r1e4n41,other
184,c3r1e4n22,other
185,c3r1e4n10,other
186,c3r1e4n40,other
187,c3r1e4n45,other
188,c3r1e4n8,other
189,c3r1e4n3,other
190,c3r1e4n44,other
191,c3r1e4n26,other
192,c3r1e4n15,other
193,c3r1e4n34,other
194,c3r1e4n6,other
195,c3r1e4n17,other
196,c3r1e4n16,other
197,c3r1e4n9,other
198,c3r1e4n28,other
199,c3r1e4n30,other
200,c3r1e6n45,other
201,c3r1e6n36,other
202,c3r1e6n44,other
203,c3r1e6n31,other
204,c3r1e6n42,other
205,c3r1e6n39,other
206,c3r1e6n30,other
207,c3r1e6n27,other
208,c3r1e6n35,other
209,c3r1e6n37,other
210,c3r1e6n49,other
211,c3r1e6n46,other
212,c3r1e6n50,other
213,c3r1e6n43,other
214,c3r1e6n34,other
215,c3r1e6n32,other
216,c3r1e6n38,other
217,c3r1e6n29,other
218,c3r1e6n33,other
219,c3r1e6n47,other
220,c3r1e6n28,other
221,c3r1e6n26,other
222,c3r1e6n48,other
223,c3r1e6n40,other
224,c3r1e6n41,other
225,c3r1e5n43,pliegues
226,c3r1e5n39,pliegues
227,c3r1e5n36,pliegues
228,c3r1e5n5,pliegues
229,c3r1e5n22,pliegues
230,c3r1e5n20,pliegues
231,c3r1e5n15,pliegues
232,c3r1e5n42,pliegues
233,c3r1e5n19,pliegues
234,c3r1e5n7,pliegues
235,c3r1e5n29,pliegues
236,c3r1e5n2,pliegues
237,c3r1e5n35,pliegues
238,c3r1e5n34,pliegues
239,c3r1e5n30,pliegues
240,c3r1e5n10,pliegues
241,c3r1e5n25,pliegues
242,c3r1e5n31,pliegues
243,c3r1e5n46,pliegues
244,c3r1e5n9,pliegues
245,c3r1e5n49,pliegues
246,c3r1e5n47,pliegues
247,c3r1e5n21,pliegues
248,c3r1e5n32,pliegues
249,c3r1e5n17,pliegues
250,c3r1e5n6,pliegues
251,c3r1e5n4,pliegues
252,c3r1e5n3,pliegues
253,c3r1e5n24,pliegues
254,c3r1e5n26,pliegues
255,c3r1e5n50,pliegues
256,c3r1e5n13,pliegues
257,c3r1e5n1,pliegues
258,c3r1e5n12,pliegues
259,c3r1e5n16,pliegues
260,c3r1e5n33,pliegues
261,c3r1e5n48,pliegues
262,c3r1e5n38,pliegues
263,c3r1e5n8,pliegues
264,c3r1e5n11,pliegues
265,c3r1e5n28,pliegues
266,c3r1e5n37,pliegues
267,c3r1e5n23,pliegues
268,c3r1e5n41,pliegues
269,c3r1e5n40,pliegues
270,c3r1e5n14,pliegues
271,c3r1e5n27,pliegues
272,c3r1e5n18,pliegues
273,c3r1e5n45,pliegues
274,c3r1e5n44,pliegues
275,c3r3e3n43,marcas
276,c3r3e3n20,marcas
277,c3r3e3n23,marcas
278,c3r3e3n40,marcas
279,c3r3e3n36,marcas
280,c3r3e3n5,marcas
281,c3r3e3n45,marcas
282,c3r3e3n28,marcas
283,c3r3e3n17,marcas
284,c3r3e3n25,marcas
285,c3r3e3n14,marcas
286,c3r3e3n18,marcas
287,c3r3e3n8,marcas
288,c3r3e3n4,marcas
289,c3r3e3n24,marcas
290,c3r3e3n7,marcas
291,c3r3e3n38,marcas
292,c3r3e3n19,marcas
293,c3r3e3n16,marcas
294,c3r3e3n29,marcas
295,c3r3e3n26,marcas
296,c3r3e3n27,marcas
297,c3r3e3n41,marcas
298,c3r3e3n49,marcas
299,c3r3e3n44,marcas
300,c3r3e3n1,marcas
301,c3r3e3n12,marcas
302,c3r3e3n11,marcas
303,c3r3e3n22,marcas
304,c3r3e3n35,marcas
305,c3r3e3n46,marcas
306,c3r3e3n10,marcas
307,c3r3e3n48,marcas
308,c3r3e3n47,marcas
309,c3r3e3n37,marcas
310,c3r3e3n32,marcas
311,c3r3e3n42,marcas
312,c3r3e3n30,marcas
313,c3r3e3n21,marcas
314,c3r3e3n3,marcas
315,c3r3e3n50,marcas
316,c3r3e3n15,marcas
317,c3r3e3n31,marcas
318,c3r3e3n2,marcas
319,c3r3e3n13,marcas
320,c3r3e3n34,marcas
321,c3r3e3n6,marcas
322,c3r3e3n33,marcas
323,c3r3e3n9,marcas
324,c3r3e3n39,marcas
325,c3r3e1n45,agujeros
326,c3r3e1n2,agujeros
327,c3r3e1n22,agujeros
328,c3r3e1n12,agujeros
329,c3r3e1n13,agujeros
330,c3r3e1n47,agujeros
331,c3r3e1n49,agujeros
332,c3r3e1n1,agujeros
333,c3r3e1n4,agujeros
334,c3r3e1n15,agujeros
335,c3r3e1n3,agujeros
336,c3r3e1n20,agujeros
337,c3r3e1n18,agujeros
338,c3r3e1n16,agujeros
339,c3r3e1n8,agujeros
340,c3r3e1n21,agujeros
341,c3r3e1n17,agujeros
342,c3r3e1n7,agujeros
343,c3r3e1n6,agujeros
344,c3r3e1n5,agujeros
345,c3r3e1n10,agujeros
346,c3r3e1n9,agujeros
347,c3r3e1n50,agujeros
348,c3r3e1n25,agujeros
349,c3r3e1n11,agujeros
350,c3r3e1n24,agujeros
351,c3r3e1n23,agujeros
352,c3r3e1n48,agujeros
353,c3r3e1n44,agujeros
354,c3r3e1n19,agujeros
355,c3r3e1n46,agujeros
356,c3r3e1n14,agujeros
357,c3r3e2n38,rayas_colores
358,c3r3e2n30,manchas
359,c3r3e2n32,manchas
360,c3r3e2n48,manchas
361,c3r3e2n22,rayas_colores
362,c3r3e2n49,rayas_colores
363,c3r3e2n12,rayas_colores
364,c3r3e2n46,rayas_colores
365,c3r3e2n16,rayas_colores
366,c3r3e2n43,rayas_colores
367,c3r3e2n6,rayas_colores
368,c3r3e2n33,manchas
369,c3r3e2n41,rayas_colores
370,c3r3e2n29,manchas
371,c3r3e2n14,rayas_colores
372,c3r3e2n36,rayas_colores
373,c3r3e2n17,rayas_colores
374,c3r3e2n34,manchas
375,c3r3e2n24,rayas_colores
376,c3r3e2n23,rayas_colores
377,c3r3e2n2,rayas_colores
378,c3r3e2n11,rayas_colores
379,c3r3e2n8,rayas_colores
380,c3r3e2n3,rayas_colores
381,c3r3e2n35,manchas
382,c3r3e2n37,rayas_colores
383,c3r3e2n26,manchas
384,c3r3e2n27,manchas
385,c3r3e2n42,rayas_colores
386,c3r3e2n10,rayas_colores
387,c3r3e2n19,rayas_colores
388,c3r3e2n21,rayas_colores
389,c3r3e2n40,rayas_colores
390,c3r3e2n31,manchas
391,c3r3e2n25,rayas_colores
392,c3r3e2n39,rayas_colores
393,c3r3e2n4,rayas_colores
394,c3r3e2n45,rayas_colores
395,c3r3e2n1,rayas_colores
396,c3r3e2n47,rayas_colores
397,c3r3e2n7,rayas_colores
398,c3r3e2n5,rayas_colores
399,c3r3e2n50,rayas_colores
400,c3r3e2n44,rayas_colores
401,c3r3e2n9,rayas_colores
402,c3r3e2n20,rayas_colores
403,c3r3e2n13,rayas_colores
404,c3r3e2n18,rayas_colores
405,c3r3e2n15,rayas_colores
406,c3r3e2n28,manchas
407,c3r3e4n18,other
408,c3r3e4n42,other
409,c3r3e4n21,other
410,c3r3e4n2,other
411,c3r3e4n13,other
412,c3r3e4n6,other
413,c3r3e4n26,other
414,c3r3e4n23,other
415,c3r3e4n22,other
416,c3r3e4n31,other
417,c3r3e4n39,other
418,c3r3e4n32,other
419,c3r3e4n7,other
420,c3r3e4n34,other
421,c3r3e4n38,other
422,c3r3e4n37,other
423,c3r3e4n46,other
424,c3r3e4n43,other
425,c3r3e4n50,other
426,c3r3e4n49,other
427,c3r3e4n12,other
428,c3r3e4n9,other
429,c3r3e4n33,other
430,c3r3e4n27,other
431,c3r3e4n17,other
432,c3r3e4n15,other
433,c3r3e4n10,other
434,c3r3e4n40,other
435,c3r3e4n44,other
436,c3r3e4n14,other
437,c3r3e4n8,other
438,c3r3e4n4,other
439,c3r3e4n25,other
440,c3r3e4n41,other
441,c3r3e4n1,other
442,c3r3e4n20,other
443,c3r3e4n35,other
444,c3r3e4n11,other
445,c3r3e4n24,other
446,c3r3e4n16,other
447,c3r3e4n47,other
448,c3r3e4n28,other
449,c3r3e4n19,other
450,c3r3e4n36,other
451,c3r3e4n5,other
452,c3r3e4n45,other
453,c3r3e4n3,other
454,c3r3e4n30,other
455,c3r3e4n48,other
456,c3r3e4n29,other
457,c3r3e5n20,pliegues
458,c3r3e5n12,pliegues
459,c3r3e5n15,pliegues
460,c3r3e5n1,pliegues
461,c3r3e5n18,pliegues
462,c3r3e5n46,pliegues
463,c3r3e5n23,pliegues
464,c3r3e5n4,pliegues
465,c3r3e5n48,pliegues
466,c3r3e5n36,pliegues
467,c3r3e5n34,pliegues
468,c3r3e5n40,pliegues
469,c3r3e5n6,pliegues
470,c3r3e5n14,pliegues
471,c3r3e5n50,pliegues
472,c3r3e5n33,pliegues
473,c3r3e5n7,pliegues
474,c3r3e5n37,pliegues
475,c3r3e5n29,pliegues
476,c3r3e5n27,pliegues
477,c3r3e5n17,pliegues
478,c3r3e5n35,pliegues
479,c3r3e5n26,pliegues
480,c3r3e5n43,pliegues
481,c3r3e5n16,pliegues
482,c3r3e5n11,pliegues
483,c3r3e5n42,pliegues
484,c3r3e5n49,pliegues
485,c3r3e5n24,pliegues
486,c3r3e5n38,pliegues
487,c3r3e5n21,pliegues
488,c3r3e5n44,pliegues
489,c3r3e5n5,pliegues
490,c3r3e5n30,pliegues
491,c3r3e5n32,pliegues
492,c3r3e5n31,pliegues
493,c3r3e5n47,pliegues
494,c3r3e5n19,pliegues
495,c3r3e5n8,pliegues
496,c3r3e5n9,pliegues
497,c3r3e5n45,pliegues
498,c3r3e5n28,pliegues
499,c3r3e5n39,pliegues
500,c3r3e5n41,pliegues
501,c3r3e5n25,pliegues
502,c3r3e5n22,pliegues
503,c3r3e5n13,pliegues
504,c3r3e5n3,pliegues
505,c3r3e5n2,pliegues
506,c3r3e5n10,pliegues
507,c4r1e3n40,marcas
508,c4r1e3n44,marcas
509,c4r1e3n33,marcas
510,c4r1e3n2,marcas
511,c4r1e3n25,marcas
512,c4r1e3n11,marcas
513,c4r1e3n22,marcas
514,c4r1e3n16,marcas
515,c4r1e3n9,marcas
516,c4r1e3n34,marcas
517,c4r1e3n50,marcas
518,c4r1e3n3,marcas
519,c4r1e3n4,marcas
520,c4r1e3n48,marcas
521,c4r1e3n13,marcas
522,c4r1e3n23,marcas
523,c4r1e3n29,marcas
524,c4r1e3n19,marcas
525,c4r1e3n15,marcas
526,c4r1e3n45,marcas
527,c4r1e3n46,marcas
528,c4r1e3n43,marcas
529,c4r1e3n36,marcas
530,c4r1e3n35,marcas
531,c4r1e3n42,marcas
532,c4r1e3n5,marcas
533,c4r1e3n10,marcas
534,c4r1e3n8,marcas
535,c4r1e3n49,marcas
536,c4r1e3n12,marcas
537,c4r1e3n24,marcas
538,c4r1e3n38,marcas
539,c4r1e3n30,marcas
540,c4r1e3n31,marcas
541,c4r1e3n1,marcas
542,c4r1e3n27,marcas
543,c4r1e3n37,marcas
544,c4r1e3n14,marcas
545,c4r1e3n20,marcas
546,c4r1e3n28,marcas
547,c4r1e3n7,marcas
548,c4r1e3n32,marcas
549,c4r1e3n21,marcas
550,c4r1e3n17,marcas
551,c4r1e3n18,marcas
552,c4r1e3n47,marcas
553,c4r1e3n6,marcas
554,c4r1e3n26,marcas
555,c4r1e3n41,marcas
556,c4r1e3n39,marcas
557,c4r1e1n49,agujeros
558,c4r1e1n27,other
559,c4r1e1n4,agujeros
560,c4r1e1n24,agujeros
561,c4r1e1n38,other
562,c4r1e1n18,agujeros
563,c4r1e1n6,agujeros
564,c4r1e1n32,other
565,c4r1e1n42,agujeros
566,c4r1e1n15,agujeros
567,c4r1e1n50,agujeros
568,c4r1e1n33,other
569,c4r1e1n39,other
570,c4r1e1n35,agujeros
571,c4r1e1n36,other
572,c4r1e1n23,agujeros
573,c4r1e1n34,other
574,c4r1e1n1,agujeros
575,c4r1e1n31,agujeros
576,c4r1e1n8,agujeros
577,c4r1e1n26,other
578,c4r1e1n48,agujeros
579,c4r1e1n16,agujeros
580,c4r1e1n14,agujeros
581,c4r1e1n43,agujeros
582,c4r1e1n30,other
583,c4r1e1n11,agujeros
584,c4r1e1n45,agujeros
585,c4r1e1n37,other
586,c4r1e1n7,agujeros
587,c4r1e1n40,agujeros
588,c4r1e1n46,agujeros
589,c4r1e1n19,agujeros
590,c4r1e1n28,other
591,c4r1e1n41,agujeros
592,c4r1e1n5,agujeros
593,c4r1e1n25,agujeros
594,c4r1e1n22,other
595,c4r1e1n17,agujeros
596,c4r1e1n12,agujeros
597,c4r1e1n21,other
598,c4r1e1n13,agujeros
599,c4r1e1n47,agujeros
600,c4r1e1n3,agujeros
601,c4r1e1n20,agujeros
602,c4r1e1n44,agujeros
603,c4r1e1n9,agujeros
604,c4r1e1n29,other
605,c4r1e1n10,agujeros
606,c4r1e1n2,agujeros
607,c4r1e4n29,other
608,c4r1e4n3,other
609,c4r1e4n12,other
610,c4r1e4n48,other
611,c4r1e4n28,other
612,c4r1e4n23,other
613,c4r1e4n25,other
614,c4r1e4n9,other
615,c4r1e4n10,other
616,c4r1e4n37,other
617,c4r1e4n7,other
618,c4r1e4n21,other
619,c4r1e4n14,other
620,c4r1e4n43,other
621,c4r1e4n16,other
622,c4r1e4n15,other
623,c4r1e4n26,other
624,c4r1e4n40,other
625,c4r1e4n4,other
626,c4r1e4n46,other
627,c4r1e4n19,other
628,c4r1e4n41,other
629,c4r1e4n32,other
630,c4r1e4n24,other
631,c4r1e4n39,other
632,c4r1e4n36,other
633,c4r1e4n44,other
634,c4r1e4n27,other
635,c4r1e4n38,other
636,c4r1e4n50,other
637,c4r1e4n17,other
638,c4r1e4n6,other
639,c4r1e4n30,other
640,c4r1e4n5,other
641,c4r1e4n8,other
642,c4r1e4n45,other
643,c4r1e4n31,other
644,c4r1e4n11,other
645,c4r1e4n49,other
646,c4r1e4n33,other
647,c4r1e4n18,other
648,c4r1e4n35,other
649,c4r1e4n13,other
650,c4r1e4n20,other
651,c4r1e4n1,other
652,c4r1e4n42,other
653,c4r1e4n34,other
654,c4r1e4n47,other
655,c4r1e4n22,other
656,c4r1e4n2,other
657,c4r1e5n24,pliegues
658,c4r1e5n50,pliegues
659,c4r1e5n43,pliegues
660,c4r1e5n20,pliegues
661,c4r1e5n49,pliegues
662,c4r1e5n35,pliegues
663,c4r1e5n2,pliegues
664,c4r1e5n9,pliegues
665,c4r1e5n38,pliegues
666,c4r1e5n10,pliegues
667,c4r1e5n3,pliegues
668,c4r1e5n23,pliegues
669,c4r1e5n42,pliegues
670,c4r1e5n25,pliegues
671,c4r1e5n6,pliegues
672,c4r1e5n14,pliegues
673,c4r1e5n29,pliegues
674,c4r1e5n47,pliegues
675,c4r1e5n36,pliegues
676,c4r1e5n44,pliegues
677,c4r1e5n18,pliegues
678,c4r1e5n15,pliegues
679,c4r1e5n45,pliegues
680,c4r1e5n28,pliegues
681,c4r1e5n31,pliegues
682,c4r1e5n12,pliegues
683,c4r1e5n22,pliegues
684,c4r1e5n46,pliegues
685,c4r1e5n37,pliegues
686,c4r1e5n34,pliegues
687,c4r1e5n17,pliegues
688,c4r1e5n33,pliegues
689,c4r1e5n4,pliegues
690,c4r1e5n5,pliegues
691,c4r1e5n32,pliegues
692,c4r1e5n40,pliegues
693,c4r1e5n7,pliegues
694,c4r1e5n11,pliegues
695,c4r1e5n39,pliegues
696,c4r1e5n30,pliegues
697,c4r1e5n21,pliegues
698,c4r1e5n26,pliegues
699,c4r1e5n27,pliegues
700,c4r1e5n19,pliegues
701,c4r1e5n8,pliegues
702,c4r1e5n16,pliegues
703,c4r1e5n41,pliegues
704,c4r1e5n48,pliegues
705,c4r1e5n13,pliegues
706,c4r1e5n1,pliegues
707,c4r3e3n49,marcas
708,c4r3e3n10,marcas
709,c4r3e3n29,other
710,c4r3e3n5,marcas
711,c4r3e3n23,marcas
712,c4r3e3n3,marcas
713,c4r3e3n43,marcas
714,c4r3e3n4,marcas
715,c4r3e3n32,other
716,c4r3e3n50,marcas
717,c4r3e3n34,other
718,c4r3e3n22,marcas
719,c4r3e3n38,other
720,c4r3e3n17,other
721,c4r3e3n33,other
722,c4r3e3n40,other
723,c4r3e3n9,marcas
724,c4r3e3n2,marcas
725,c4r3e3n27,other
726,c4r3e3n12,marcas
727,c4r3e3n30,other
728,c4r3e3n6,marcas
729,c4r3e3n19,other
730,c4r3e3n18,other
731,c4r3e3n36,other
732,c4r3e3n21,marcas
733,c4r3e3n48,marcas
734,c4r3e3n39,other
735,c4r3e3n26,other
736,c4r3e3n37,other
737,c4r3e3n46,marcas
738,c4r3e3n31,other
739,c4r3e3n45,marcas
740,c4r3e3n7,marcas
741,c4r3e3n25,marcas
742,c4r3e3n28,other
743,c4r3e3n1,marcas
744,c4r3e3n8,marcas
745,c4r3e3n11,marcas
746,c4r3e3n47,marcas
747,c4r3e3n35,other
748,c4r3e3n14,marcas
749,c4r3e3n16,marcas
750,c4r3e3n20,other
751,c4r3e3n13,marcas
752,c4r3e3n24,marcas
753,c4r3e3n44,marcas
754,c4r3e3n41,marcas
755,c4r3e3n15,marcas
756,c4r3e3n42,marcas
757,c4r3e1n31,agujeros
758,c4r3e1n25,agujeros
759,c4r3e1n50,agujeros
760,c4r3e1n14,agujeros
761,c4r3e1n24,agujeros
762,c4r3e1n32,agujeros
763,c4r3e1n22,agujeros
764,c4r3e1n47,agujeros
765,c4r3e1n46,agujeros
766,c4r3e1n30,agujeros
767,c4r3e1n7,agujeros
768,c4r3e1n40,agujeros
769,c4r3e1n4,agujeros
770,c4r3e1n41,agujeros
771,c4r3e1n19,agujeros
772,c4r3e1n39,agujeros
773,c4r3e1n6,agujeros
774,c4r3e1n37,agujeros
775,c4r3e1n11,agujeros
776,c4r3e1n48,agujeros
777,c4r3e1n1,agujeros
778,c4r3e1n3,agujeros
779,c4r3e1n42,agujeros
780,c4r3e1n36,agujeros
781,c4r3e1n35,agujeros
782,c4r3e1n27,agujeros
783,c4r3e1n21,agujeros
784,c4r3e1n16,agujeros
785,c4r3e1n10,agujeros
786,c4r3e1n2,agujeros
787,c4r3e1n8,agujeros
788,c4r3e1n44,agujeros
789,c4r3e1n43,agujeros
790,c4r3e1n45,agujeros
791,c4r3e1n20,agujeros
792,c4r3e1n38,agujeros
793,c4r3e1n13,agujeros
794,c4r3e1n5,agujeros
795,c4r3e1n23,agujeros
796,c4r3e1n29,agujeros
797,c4r3e1n15,agujeros
798,c4r3e1n34,agujeros
799,c4r3e1n18,agujeros
800,c4r3e1n26,agujeros
801,c4r3e1n49,agujeros
802,c4r3e1n12,agujeros
803,c4r3e1n9,agujeros
804,c4r3e1n33,agujeros
805,c4r3e1n17,agujeros
806,c4r3e1n28,agujeros
807,c4r3e2n2,manchas
808,c4r3e2n49,manchas
809,c4r3e2n38,manchas
810,c4r3e2n7,manchas
811,c4r3e2n5,manchas
812,c4r3e2n8,manchas
813,c4r3e2n14,manchas
814,c4r3e2n48,manchas
815,c4r3e2n27,rayas_colores
816,c4r3e2n6,manchas
817,c4r3e2n30,rayas_colores
818,c4r3e2n35,manchas
819,c4r3e2n24,rayas_colores
820,c4r3e2n43,manchas
821,c4r3e2n11,manchas
822,c4r3e2n37,manchas
823,c4r3e2n22,rayas_colores
824,c4r3e2n1,manchas
825,c4r3e2n31,manchas
826,c4r3e2n40,manchas
827,c4r3e2n29,rayas_colores
828,c4r3e2n42,manchas
829,c4r3e2n12,manchas
830,c4r3e2n21,rayas_colores
831,c4r3e2n46,manchas
832,c4r3e2n16,rayas_colores
833,c4r3e2n36,manchas
834,c4r3e2n41,manchas
835,c4r3e2n18,rayas_colores
836,c4r3e2n4,manchas
837,c4r3e2n23,rayas_colores
838,c4r3e2n50,rayas_colores
839,c4r3e2n32,manchas
840,c4r3e2n13,manchas
841,c4r3e2n9,manchas
842,c4r3e2n25,rayas_colores
843,c4r3e2n17,rayas_colores
844,c4r3e2n34,manchas
845,c4r3e2n33,manchas
846,c4r3e2n15,manchas
847,c4r3e2n45,manchas
848,c4r3e2n39,manchas
849,c4r3e2n19,rayas_colores
850,c4r3e2n26,rayas_colores
851,c4r3e2n10,manchas
852,c4r3e2n44,manchas
853,c4r3e2n3,manchas
854,c4r3e2n20,rayas_colores
855,c4r3e2n28,rayas_colores
856,c4r3e2n47,manchas
857,c4r3e4n13,other
858,c4r3e4n37,other
859,c4r3e4n20,other
860,c4r3e4n50,other
861,c4r3e4n10,other
862,c4r3e4n33,other
863,c4r3e4n31,other
864,c4r3e4n4,other
865,c4r3e4n8,other
866,c4r3e4n27,other
867,c4r3e4n35,other
868,c4r3e4n19,other
869,c4r3e4n23,other
870,c4r3e4n18,other
871,c4r3e4n48,other
872,c4r3e4n2,other
873,c4r3e4n14,other
874,c4r3e4n26,other
875,c4r3e4n47,other
876,c4r3e4n39,other
877,c4r3e4n49,other
878,c4r3e4n17,other
879,c4r3e4n42,other
880,c4r3e4n45,other
881,c4r3e4n7,other
882,c4r3e4n1,other
883,c4r3e4n15,other
884,c4r3e4n40,other
885,c4r3e4n5,other
886,c4r3e4n25,other
887,c4r3e4n3,other
888,c4r3e4n29,other
889,c4r3e4n43,other
890,c4r3e4n6,other
891,c4r3e4n22,other
892,c4r3e4n30,other
893,c4r3e4n9,other
894,c4r3e4n24,other
895,c4r3e4n11,other
896,c4r3e4n34,other
897,c4r3e4n38,other
898,c4r3e4n32,other
899,c4r3e4n41,other
900,c4r3e4n12,other
901,c4r3e4n36,other
902,c4r3e4n16,other
903,c4r3e4n21,other
904,c4r3e4n44,other
905,c4r3e4n46,other
906,c4r3e4n28,other
907,c4r3e5n20,pliegues
908,c4r3e5n14,pliegues
909,c4r3e5n45,pliegues
910,c4r3e5n44,pliegues
911,c4r3e5n39,pliegues
912,c4r3e5n42,pliegues
913,c4r3e5n36,pliegues
914,c4r3e5n13,pliegues
915,c4r3e5n9,pliegues
916,c4r3e5n35,pliegues
917,c4r3e5n25,pliegues
918,c4r3e5n2,pliegues
919,c4r3e5n21,pliegues
920,c4r3e5n12,pliegues
921,c4r3e5n29,pliegues
922,c4r3e5n41,pliegues
923,c4r3e5n7,pliegues
924,c4r3e5n47,pliegues
925,c4r3e5n31,pliegues
926,c4r3e5n8,pliegues
927,c4r3e5n28,pliegues
928,c4r3e5n50,pliegues
929,c4r3e5n1,pliegues
930,c4r3e5n49,pliegues
931,c4r3e5n46,pliegues
932,c4r3e5n4,pliegues
933,c4r3e5n40,pliegues
934,c4r3e5n18,pliegues
935,c4r3e5n6,pliegues
936,c4r3e5n34,pliegues
937,c4r3e5n48,pliegues
938,c4r3e5n19,pliegues
939,c4r3e5n43,pliegues
940,c4r3e5n24,pliegues
941,c4r3e5n30,pliegues
942,c4r3e5n33,pliegues
943,c4r3e5n26,pliegues
944,c4r3e5n37,pliegues
945,c4r3e5n15,pliegues
946,c4r3e5n17,pliegues
947,c4r3e5n27,pliegues
948,c4r3e5n22,pliegues
949,c4r3e5n32,pliegues
950,c4r3e5n10,pliegues
951,c4r3e5n23,pliegues
952,c4r3e5n38,pliegues
953,c4r3e5n11,pliegues
954,c4r3e5n3,pliegues
955,c4r3e5n16,pliegues
956,c2r3e3n6,marcas
957,c2r3e3n9,marcas
958,c2r3e3n23,other
959,c2r3e3n25,other
960,c2r3e3n18,marcas
961,c2r3e3n48,other
962,c2r3e3n7,marcas
963,c2r3e3n20,other
964,c2r3e3n17,marcas
965,c2r3e3n29,other
966,c2r3e3n32,other
967,c2r3e3n50,other
968,c2r3e3n45,other
969,c2r3e3n8,marcas
970,c2r3e3n12,marcas
971,c2r3e3n13,marcas
972,c2r3e3n1,marcas
973,c2r3e3n34,marcas
974,c2r3e3n15,marcas
975,c2r3e3n4,marcas
976,c2r3e3n39,other
977,c2r3e3n36,other
978,c2r3e3n26,other
979,c2r3e3n5,marcas
980,c2r3e3n31,other
981,c2r3e3n47,other
982,c2r3e3n33,other
983,c2r3e3n49,marcas
984,c2r3e3n24,other
985,c2r3e3n40,marcas
986,c2r3e3n28,other
987,c2r3e3n42,other
988,c2r3e3n14,marcas
989,c2r3e3n46,marcas
990,c2r3e3n37,other
991,c2r3e3n19,other
992,c2r3e3n10,other
993,c2r3e3n41,marcas
994,c2r3e3n43,other
995,c2r3e3n35,marcas
996,c2r3e3n11,marcas
997,c2r3e3n44,marcas
998,c2r3e3n22,other
999,c2r3e3n2,marcas
1000,c2r3e3n38,other
1001,c2r3e3n16,marcas
1002,c2r3e3n3,marcas
1003,c2r3e3n27,other
1004,c2r3e3n30,other
1005,c2r3e3n21,other
1006,c2r3e1n24,agujeros
1007,c2r3e1n23,agujeros
1008,c2r3e1n42,agujeros
1009,c2r3e1n45,agujeros
1010,c2r3e1n10,agujeros
1011,c2r3e1n11,agujeros
1012,c2r3e1n32,agujeros
1013,c2r3e1n1,agujeros
1014,c2r3e1n40,agujeros
1015,c2r3e1n27,agujeros
1016,c2r3e1n6,agujeros
1017,c2r3e1n3,agujeros
1018,c2r3e1n33,agujeros
1019,c2r3e1n8,agujeros
1020,c2r3e1n19,agujeros
1021,c2r3e1n14,agujeros
1022,c2r3e1n28,agujeros
1023,c2r3e1n4,agujeros
1024,c2r3e1n38,agujeros
1025,c2r3e1n15,agujeros
1026,c2r3e1n44,agujeros
1027,c2r3e1n49,agujeros
1028,c2r3e1n37,agujeros
1029,c2r3e1n25,agujeros
1030,c2r3e1n13,agujeros
1031,c2r3e1n29,agujeros
1032,c2r3e1n9,agujeros
1033,c2r3e1n26,agujeros
1034,c2r3e1n7,agujeros
1035,c2r3e1n22,agujeros
1036,c2r3e1n35,agujeros
1037,c2r3e1n30,agujeros
1038,c2r3e1n31,agujeros
1039,c2r3e1n2,agujeros
1040,c2r3e1n5,agujeros
1041,c2r3e1n41,agujeros
1042,c2r3e1n16,agujeros
1043,c2r3e1n43,agujeros
1044,c2r3e1n50,agujeros
1045,c2r3e1n18,agujeros
1046,c2r3e1n21,agujeros
1047,c2r3e1n48,agujeros
1048,c2r3e1n17,agujeros
1049,c2r3e1n12,agujeros
1050,c2r3e1n39,agujeros
1051,c2r3e1n20,agujeros
1052,c2r3e1n47,agujeros
1053,c2r3e1n46,agujeros
1054,c2r3e1n36,agujeros
1055,c2r3e1n34,agujeros
1056,c2r3e2n37,rayas_colores
1057,c2r3e2n32,rayas_colores
1058,c2r3e2n11,rayas_colores
1059,c2r3e2n29,other
1060,c2r3e2n30,other
1061,c2r3e2n46,rayas_colores
1062,c2r3e2n40,rayas_colores
1063,c2r3e2n19,rayas_colores
1064,c2r3e2n23,manchas
1065,c2r3e2n35,rayas_colores
1066,c2r3e2n39,rayas_colores
1067,c2r3e2n18,rayas_colores
1068,c2r3e2n5,manchas
1069,c2r3e2n17,rayas_colores
1070,c2r3e2n6,rayas_colores
1071,c2r3e2n1,manchas
1072,c2r3e2n38,rayas_colores
1073,c2r3e2n22,manchas
1074,c2r3e2n47,rayas_colores
1075,c2r3e2n48,rayas_colores
1076,c2r3e2n34,rayas_colores
1077,c2r3e2n50,rayas_colores
1078,c2r3e2n25,manchas
1079,c2r3e2n28,other
1080,c2r3e2n26,other
1081,c2r3e2n44,rayas_colores
1082,c2r3e2n16,rayas_colores
1083,c2r3e2n31,rayas_colores
1084,c2r3e2n12,rayas_colores
1085,c2r3e2n33,rayas_colores
1086,c2r3e2n21,manchas
1087,c2r3e2n4,manchas
1088,c2r3e2n7,rayas_colores
1089,c2r3e2n27,other
1090,c2r3e2n24,manchas
1091,c2r3e2n10,rayas_colores
1092,c2r3e2n36,rayas_colores
1093,c2r3e2n9,rayas_colores
1094,c2r3e2n14,rayas_colores
1095,c2r3e2n41,rayas_colores
1096,c2r3e2n13,rayas_colores
1097,c2r3e2n43,rayas_colores
1098,c2r3e2n49,rayas_colores
1099,c2r3e2n15,rayas_colores
1100,c2r3e2n3,manchas
1101,c2r3e2n2,manchas
1102,c2r3e2n20,rayas_colores
1103,c2r3e2n8,rayas_colores
1104,c2r3e2n45,rayas_colores
1105,c2r3e4n38,other
1106,c2r3e4n1,other
1107,c2r3e4n24,other
1108,c2r3e4n31,other
1109,c2r3e4n18,other
1110,c2r3e4n16,other
1111,c2r3e4n30,other
1112,c2r3e4n20,other
1113,c2r3e4n6,other
1114,c2r3e4n15,other
1115,c2r3e4n44,other
1116,c2r3e4n37,other
1117,c2r3e4n21,other
1118,c2r3e4n11,other
1119,c2r3e4n49,other
1120,c2r3e4n8,other
1121,c2r3e4n14,other
1122,c2r3e4n23,other
1123,c2r3e4n17,other
1124,c2r3e4n36,other
1125,c2r3e4n9,other
1126,c2r3e4n34,other
1127,c2r3e4n40,other
1128,c2r3e4n45,other
1129,c2r3e4n29,other
1130,c2r3e4n43,other
1131,c2r3e4n10,other
1132,c2r3e4n47,other
1133,c2r3e4n4,other
1134,c2r3e4n22,other
1135,c2r3e4n5,other
1136,c2r3e4n48,other
1137,c2r3e4n41,other
1138,c2r3e4n26,other
1139,c2r3e4n50,other
1140,c2r3e4n27,other
1141,c2r3e4n3,other
1142,c2r3e4n42,other
1143,c2r3e4n33,other
1144,c2r3e4n2,other
1145,c2r3e4n13,other
1146,c2r3e4n7,other
1147,c2r3e4n25,other
1148,c2r3e4n19,other
1149,c2r3e4n35,other
1150,c2r3e4n32,other
1151,c2r3e4n12,other
1152,c2r3e4n39,other
1153,c2r3e4n46,other
1154,c2r3e4n28,other
1155,c2r3e6n37,other
1156,c2r3e6n13,other
1157,c2r3e6n42,other
1158,c2r3e6n48,other
1159,c2r3e6n39,other
1160,c2r3e6n19,other
1161,c2r3e6n41,other
1162,c2r3e6n17,other
1163,c2r3e6n36,other
1164,c2r3e6n40,other
1165,c2r3e6n14,other
1166,c2r3e6n18,other
1167,c2r3e6n38,other
1168,c2r3e6n16,other
1169,c2r3e6n43,other
1170,c2r3e6n44,other
1171,c2r3e6n15,other
1172,c2r3e6n20,other
1173,c2r3e6n49,other
1174,c2r3e6n46,other
1175,c2r3e6n47,other
1176,c2r3e6n45,other
1177,c2r3e6n12,other
1178,c2r3e6n50,other
1179,c2r3e6n11,other
1180,c2r3e5n9,pliegues
1181,c2r3e5n39,pliegues
1182,c2r3e5n7,pliegues
1183,c2r3e5n18,pliegues
1184,c2r3e5n32,pliegues
1185,c2r3e5n26,pliegues
1186,c2r3e5n16,pliegues
1187,c2r3e5n17,pliegues
1188,c2r3e5n46,pliegues
1189,c2r3e5n33,pliegues
1190,c2r3e5n45,pliegues
1191,c2r3e5n37,pliegues
1192,c2r3e5n3,pliegues
1193,c2r3e5n43,pliegues
1194,c2r3e5n19,pliegues
1195,c2r3e5n28,pliegues
1196,c2r3e5n23,pliegues
1197,c2r3e5n22,pliegues
1198,c2r3e5n12,pliegues
1199,c2r3e5n20,pliegues
1200,c2r3e5n29,pliegues
1201,c2r3e5n44,pliegues
1202,c2r3e5n6,pliegues
1203,c2r3e5n40,pliegues
1204,c2r3e5n14,pliegues
1205,c2r3e5n41,pliegues
1206,c2r3e5n48,pliegues
1207,c2r3e5n21,pliegues
1208,c2r3e5n11,pliegues
1209,c2r3e5n31,pliegues
1210,c2r3e5n25,pliegues
1211,c2r3e5n35,pliegues
1212,c2r3e5n4,pliegues
1213,c2r3e5n1,pliegues
1214,c2r3e5n34,pliegues
1215,c2r3e5n50,pliegues
1216,c2r3e5n15,pliegues
1217,c2r3e5n42,pliegues
1218,c2r3e5n10,pliegues
1219,c2r3e5n30,pliegues
1220,c2r3e5n2,pliegues
1221,c2r3e5n49,pliegues
1222,c2r3e5n27,pliegues
1223,c2r3e5n8,pliegues
1224,c2r3e5n38,pliegues
1225,c2r3e5n47,pliegues
1226,c2r3e5n24,pliegues
1227,c2r3e5n13,pliegues
1228,c2r3e5n36,pliegues
1229,c2r3e5n5,pliegues
1230,c2r2e3n33,marcas
1231,c2r2e3n20,marcas
1232,c2r2e3n45,marcas
1233,c2r2e3n5,marcas
1234,c2r2e3n24,marcas
1235,c2r2e3n15,marcas
1236,c2r2e3n29,marcas
1237,c2r2e3n44,marcas
1238,c2r2e3n3,marcas
1239,c2r2e3n13,marcas
1240,c2r2e3n31,marcas
1241,c2r2e3n6,marcas
1242,c2r2e3n1,marcas
1243,c2r2e3n35,marcas
1244,c2r2e3n19,marcas
1245,c2r2e3n28,marcas
1246,c2r2e3n22,marcas
1247,c2r2e3n46,marcas
1248,c2r2e3n21,marcas
1249,c2r2e3n47,marcas
1250,c2r2e3n23,marcas
1251,c2r2e3n16,marcas
1252,c2r2e3n26,marcas
1253,c2r2e3n40,marcas
1254,c2r2e3n8,marcas
1255,c2r2e3n48,marcas
1256,c2r2e3n37,marcas
1257,c2r2e3n49,marcas
1258,c2r2e3n25,marcas
1259,c2r2e3n38,marcas
1260,c2r2e3n14,marcas
1261,c2r2e3n39,marcas
1262,c2r2e3n50,marcas
1263,c2r2e3n4,marcas
1264,c2r2e3n18,marcas
1265,c2r2e3n27,marcas
1266,c2r2e3n2,marcas
1267,c2r2e3n12,marcas
1268,c2r2e3n42,marcas
1269,c2r2e3n32,marcas
1270,c2r2e3n7,marcas
1271,c2r2e3n17,marcas
1272,c2r2e3n10,marcas
1273,c2r2e3n41,marcas
1274,c2r2e3n34,marcas
1275,c2r2e3n36,marcas
1276,c2r2e3n9,marcas
1277,c2r2e3n11,marcas
1278,c2r2e3n30,marcas
1279,c2r2e3n43,marcas
1280,c2r2e1n27,agujeros
1281,c2r2e1n36,agujeros
1282,c2r2e1n10,agujeros
1283,c2r2e1n35,agujeros
1284,c2r2e1n42,agujeros
1285,c2r2e1n6,agujeros
1286,c2r2e1n41,agujeros
1287,c2r2e1n16,agujeros
1288,c2r2e1n12,agujeros
1289,c2r2e1n3,agujeros
1290,c2r2e1n22,agujeros
1291,c2r2e1n44,agujeros
1292,c2r2e1n26,agujeros
1293,c2r2e1n11,agujeros
1294,c2r2e1n25,agujeros
1295,c2r2e1n29,agujeros
1296,c2r2e1n50,agujeros
1297,c2r2e1n31,agujeros
1298,c2r2e1n49,agujeros
1299,c2r2e1n7,agujeros
1300,c2r2e1n28,agujeros
1301,c2r2e1n43,agujeros
1302,c2r2e1n18,agujeros
1303,c2r2e1n32,agujeros
1304,c2r2e1n15,agujeros
1305,c2r2e1n2,agujeros
1306,c2r2e1n14,agujeros
1307,c2r2e1n4,agujeros
1308,c2r2e1n24,agujeros
1309,c2r2e1n33,agujeros
1310,c2r2e1n9,agujeros
1311,c2r2e1n23,agujeros
1312,c2r2e1n48,agujeros
1313,c2r2e1n20,agujeros
1314,c2r2e1n45,agujeros
1315,c2r2e1n34,agujeros
1316,c2r2e1n21,agujeros
1317,c2r2e1n47,agujeros
1318,c2r2e1n38,agujeros
1319,c2r2e1n39,agujeros
1320,c2r2e1n1,agujeros
1321,c2r2e1n5,agujeros
1322,c2r2e1n40,agujeros
1323,c2r2e1n19,agujeros
1324,c2r2e1n8,agujeros
1325,c2r2e1n13,agujeros
1326,c2r2e1n30,agujeros
1327,c2r2e1n17,agujeros
1328,c2r2e1n37,agujeros
1329,c2r2e1n46,agujeros
1330,c2r2e2n21,manchas
1331,c2r2e2n25,manchas
1332,c2r2e2n18,manchas
1333,c2r2e2n50,manchas
1334,c2r2e2n1,manchas
1335,c2r2e2n49,manchas
1336,c2r2e2n32,manchas
1337,c2r2e2n13,manchas
1338,c2r2e2n11,manchas
1339,c2r2e2n19,manchas
1340,c2r2e2n26,manchas
1341,c2r2e2n12,manchas
1342,c2r2e2n7,manchas
1343,c2r2e2n31,manchas
1344,c2r2e2n16,manchas
1345,c2r2e2n47,manchas
1346,c2r2e2n9,manchas
1347,c2r2e2n29,manchas
1348,c2r2e2n3,manchas
1349,c2r2e2n36,manchas
1350,c2r2e2n20,manchas
1351,c2r2e2n2,manchas
1352,c2r2e2n8,manchas
1353,c2r2e2n41,manchas
1354,c2r2e2n24,manchas
1355,c2r2e2n27,manchas
1356,c2r2e2n45,manchas
1357,c2r2e2n15,manchas
1358,c2r2e2n44,manchas
1359,c2r2e2n4,manchas
1360,c2r2e2n37,manchas
1361,c2r2e2n39,manchas
1362,c2r2e2n43,manchas
1363,c2r2e2n23,manchas
1364,c2r2e2n22,manchas
1365,c2r2e2n46,manchas
1366,c2r2e2n48,manchas
1367,c2r2e2n42,manchas
1368,c2r2e2n10,manchas
1369,c2r2e2n5,manchas
1370,c2r2e2n34,manchas
1371,c2r2e2n14,manchas
1372,c2r2e2n38,manchas
1373,c2r2e2n6,manchas
1374,c2r2e2n33,manchas
1375,c2r2e2n17,manchas
1376,c2r2e2n28,manchas
1377,c2r2e2n40,manchas
1378,c2r2e2n35,manchas
1379,c2r2e2n30,manchas
1380,c2r2e4n21,other
1381,c2r2e4n45,other
1382,c2r2e4n28,other
1383,c2r2e4n4,other
1384,c2r2e4n32,other
1385,c2r2e4n48,other
1386,c2r2e4n40,other
1387,c2r2e4n47,other
1388,c2r2e4n15,other
1389,c2r2e4n38,other
1390,c2r2e4n7,other
1391,c2r2e4n44,other
1392,c2r2e4n41,other
1393,c2r2e4n19,other
1394,c2r2e4n50,other
1395,c2r2e4n17,other
1396,c2r2e4n42,other
1397,c2r2e4n34,other
1398,c2r2e4n33,other
1399,c2r2e4n31,other
1400,c2r2e4n24,other
1401,c2r2e4n1,other
1402,c2r2e4n5,other
1403,c2r2e4n49,other
1404,c2r2e4n14,other
1405,c2r2e4n25,other
1406,c2r2e4n13,other
1407,c2r2e4n39,other
1408,c2r2e4n10,other
1409,c2r2e4n20,other
1410,c2r2e4n22,other
1411,c2r2e4n18,other
1412,c2r2e4n43,other
1413,c2r2e4n8,other
1414,c2r2e4n16,other
1415,c2r2e4n23,other
1416,c2r2e4n46,other
1417,c2r2e4n29,other
1418,c2r2e4n3,other
1419,c2r2e4n36,other
1420,c2r2e4n35,other
1421,c2r2e4n26,other
1422,c2r2e4n27,other
1423,c2r2e4n12,other
1424,c2r2e4n11,other
1425,c2r2e4n6,other
1426,c2r2e4n2,other
1427,c2r2e4n37,other
1428,c2r2e4n9,other
1429,c2r2e4n30,other
1430,c2r2e6n37,other
1431,c2r2e6n43,other
1432,c2r2e6n25,other
1433,c2r2e6n26,other
1434,c2r2e6n44,other
1435,c2r2e6n33,other
1436,c2r2e6n27,other
1437,c2r2e6n22,other
1438,c2r2e6n47,other
1439,c2r2e6n29,other
1440,c2r2e6n39,other
1441,c2r2e6n48,other
1442,c2r2e6n40,other
1443,c2r2e6n49,other
1444,c2r2e6n42,other
1445,c2r2e6n35,other
1446,c2r2e6n30,other
1447,c2r2e6n28,other
1448,c2r2e6n46,other
1449,c2r2e6n21,other
1450,c2r2e6n41,other
1451,c2r2e6n31,other
1452,c2r2e6n50,other
1453,c2r2e6n32,other
1454,c2r2e6n38,other
1455,c2r2e6n23,other
1456,c2r2e6n45,other
1457,c2r2e6n24,other
1458,c2r2e6n36,other
1459,c2r2e6n34,other
1460,c2r2e5n39,pliegues
1461,c2r2e5n6,pliegues
1462,c2r2e5n27,pliegues
1463,c2r2e5n24,pliegues
1464,c2r2e5n21,pliegues
1465,c2r2e5n33,pliegues
1466,c2r2e5n8,pliegues
1467,c2r2e5n41,pliegues
1468,c2r2e5n36,pliegues
1469,c2r2e5n10,pliegues
1470,c2r2e5n40,pliegues
1471,c2r2e5n28,pliegues
1472,c2r2e5n38,pliegues
1473,c2r2e5n11,pliegues
1474,c2r2e5n30,pliegues
1475,c2r2e5n13,pliegues
1476,c2r2e5n3,pliegues
1477,c2r2e5n16,pliegues
1478,c2r2e5n20,pliegues
1479,c2r2e5n47,pliegues
1480,c2r2e5n44,pliegues
1481,c2r2e5n9,pliegues
1482,c2r2e5n32,pliegues
1483,c2r2e5n22,pliegues
1484,c2r2e5n25,pliegues
1485,c2r2e5n1,pliegues
1486,c2r2e5n18,pliegues
1487,c2r2e5n49,pliegues
1488,c2r2e5n48,pliegues
1489,c2r2e5n35,pliegues
1490,c2r2e5n43,pliegues
1491,c2r2e5n19,pliegues
1492,c2r2e5n26,pliegues
1493,c2r2e5n50,pliegues
1494,c2r2e5n2,pliegues
1495,c2r2e5n46,pliegues
1496,c2r2e5n12,pliegues
1497,c2r2e5n7,pliegues
1498,c2r2e5n29,pliegues
1499,c2r2e5n17,pliegues
1500,c2r2e5n37,pliegues
1501,c2r2e5n31,pliegues
1502,c2r2e5n15,pliegues
1503,c2r2e5n5,pliegues
1504,c2r2e5n34,pliegues
1505,c2r2e5n42,pliegues
1506,c2r2e5n23,pliegues
1507,c2r2e5n14,pliegues
1508,c2r2e5n4,pliegues
1509,c2r2e5n45,pliegues
1510,c1r1e3n9,marcas
1511,c1r1e3n7,marcas
1512,c1r1e3n40,marcas
1513,c1r1e3n6,other
1514,c1r1e3n1,marcas
1515,c1r1e3n2,marcas
1516,c1r1e3n10,marcas
1517,c1r1e3n35,marcas
1518,c1r1e3n27,marcas
1519,c1r1e3n18,marcas
1520,c1r1e3n5,marcas
1521,c1r1e3n16,marcas
1522,c1r1e3n21,marcas
1523,c1r1e3n4,marcas
1524,c1r1e3n41,marcas
1525,c1r1e3n45,marcas
1526,c1r1e3n43,marcas
1527,c1r1e3n25,marcas
1528,c1r1e3n46,marcas
1529,c1r1e3n11,marcas
1530,c1r1e3n44,marcas
1531,c1r1e3n36,marcas
1532,c1r1e3n42,marcas
1533,c1r1e3n31,marcas
1534,c1r1e3n13,marcas
1535,c1r1e3n12,marcas
1536,c1r1e3n14,marcas
1537,c1r1e3n34,marcas
1538,c1r1e3n33,marcas
1539,c1r1e3n26,other
1540,c1r1e3n20,marcas
1541,c1r1e3n39,marcas
1542,c1r1e3n50,marcas
1543,c1r1e3n29,other
1544,c1r1e3n24,marcas
1545,c1r1e3n47,marcas
1546,c1r1e3n19,other
1547,c1r1e3n17,marcas
1548,c1r1e3n48,marcas
1549,c1r1e3n23,marcas
1550,c1r1e3n22,marcas
1551,c1r1e3n28,marcas
1552,c1r1e3n3,marcas
1553,c1r1e3n49,marcas
1554,c1r1e3n32,other
1555,c1r1e3n30,marcas
1556,c1r1e3n37,marcas
1557,c1r1e3n15,marcas
1558,c1r1e3n38,marcas
1559,c1r1e3n8,marcas
1560,c1r1e1n12,agujeros
1561,c1r1e1n27,agujeros
1562,c1r1e1n38,other
1563,c1r1e1n46,agujeros
1564,c1r1e1n36,agujeros
1565,c1r1e1n3,agujeros
1566,c1r1e1n43,agujeros
1567,c1r1e1n7,agujeros
1568,c1r1e1n13,agujeros
1569,c1r1e1n30,other
1570,c1r1e1n14,agujeros
1571,c1r1e1n33,other
1572,c1r1e1n18,agujeros
1573,c1r1e1n24,agujeros
1574,c1r1e1n42,agujeros
1575,c1r1e1n34,other
1576,c1r1e1n8,agujeros
1577,c1r1e1n44,agujeros
1578,c1r1e1n25,agujeros
1579,c1r1e1n50,other
1580,c1r1e1n32,agujeros
1581,c1r1e1n28,agujeros
1582,c1r1e1n48,agujeros
1583,c1r1e1n31,agujeros
1584,c1r1e1n26,agujeros
1585,c1r1e1n11,agujeros
1586,c1r1e1n20,agujeros
1587,c1r1e1n29,agujeros
1588,c1r1e1n21,agujeros
1589,c1r1e1n15,agujeros
1590,c1r1e1n45,other
1591,c1r1e1n49,other
1592,c1r1e1n39,other
1593,c1r1e1n41,other
1594,c1r1e1n16,agujeros
1595,c1r1e1n6,agujeros
1596,c1r1e1n5,agujeros
1597,c1r1e1n40,agujeros
1598,c1r1e1n2,agujeros
1599,c1r1e1n19,agujeros
1600,c1r1e1n22,agujeros
1601,c1r1e1n10,agujeros
1602,c1r1e1n35,agujeros
1603,c1r1e1n47,agujeros
1604,c1r1e1n1,agujeros
1605,c1r1e1n23,agujeros
1606,c1r1e1n17,agujeros
1607,c1r1e1n4,agujeros
1608,c1r1e1n9,agujeros
1609,c1r1e1n37,agujeros
1610,c1r1e2n20,manchas
1611,c1r1e2n32,manchas
1612,c1r1e2n15,rayas_colores
1613,c1r1e2n10,rayas_colores
1614,c1r1e2n16,manchas
1615,c1r1e2n13,rayas_colores
1616,c1r1e2n30,manchas
1617,c1r1e2n28,manchas
1618,c1r1e2n45,rayas_colores
1619,c1r1e2n33,manchas
1620,c1r1e2n39,rayas_colores
1621,c1r1e2n48,rayas_colores
1622,c1r1e2n38,rayas_colores
1623,c1r1e2n14,rayas_colores
1624,c1r1e2n26,manchas
1625,c1r1e2n23,manchas
1626,c1r1e2n2,manchas
1627,c1r1e2n31,manchas
1628,c1r1e2n42,rayas_colores
1629,c1r1e2n21,rayas_colores
1630,c1r1e2n4,manchas
1631,c1r1e2n44,rayas_colores
1632,c1r1e2n29,manchas
1633,c1r1e2n40,rayas_colores
1634,c1r1e2n19,manchas
1635,c1r1e2n7,rayas_colores
1636,c1r1e2n41,rayas_colores
1637,c1r1e2n17,rayas_colores
1638,c1r1e2n49,rayas_colores
1639,c1r1e2n24,rayas_colores
1640,c1r1e2n27,manchas
1641,c1r1e2n35,manchas
1642,c1r1e2n3,manchas
1643,c1r1e2n9,rayas_colores
1644,c1r1e2n6,rayas_colores
1645,c1r1e2n34,manchas
1646,c1r1e2n22,manchas
1647,c1r1e2n50,rayas_colores
1648,c1r1e2n1,manchas
1649,c1r1e2n5,manchas
1650,c1r1e2n37,manchas
1651,c1r1e2n8,rayas_colores
1652,c1r1e2n25,rayas_colores
1653,c1r1e2n18,manchas
1654,c1r1e2n12,rayas_colores
1655,c1r1e2n47,manchas
1656,c1r1e2n11,rayas_colores
1657,c1r1e2n36,manchas
1658,c1r1e2n43,rayas_colores
1659,c1r1e2n46,manchas
1660,c1r1e4n45,other
1661,c1r1e4n13,other
1662,c1r1e4n29,other
1663,c1r1e4n14,other
1664,c1r1e4n3,other
1665,c1r1e4n12,other
1666,c1r1e4n4,other
1667,c1r1e4n1,other
1668,c1r1e4n36,other
1669,c1r1e4n18,other
1670,c1r1e4n9,other
1671,c1r1e4n16,other
1672,c1r1e4n34,other
1673,c1r1e4n2,other
1674,c1r1e4n26,other
1675,c1r1e4n25,other
1676,c1r1e4n31,other
1677,c1r1e4n38,other
1678,c1r1e4n30,other
1679,c1r1e4n43,other
1680,c1r1e4n19,other
1681,c1r1e4n6,other
1682,c1r1e4n20,other
1683,c1r1e4n49,other
1684,c1r1e4n15,other
1685,c1r1e4n48,other
1686,c1r1e4n32,other
1687,c1r1e4n44,other
1688,c1r1e4n5,other
1689,c1r1e4n28,other
1690,c1r1e4n37,other
1691,c1r1e4n17,other
1692,c1r1e4n39,other
1693,c1r1e4n40,other
1694,c1r1e4n7,other
1695,c1r1e4n21,other
1696,c1r1e4n27,other
1697,c1r1e4n47,other
1698,c1r1e4n35,other
1699,c1r1e4n46,other
1700,c1r1e4n24,other
1701,c1r1e4n42,other
1702,c1r1e4n23,other
1703,c1r1e4n41,other
1704,c1r1e4n33,other
1705,c1r1e4n11,other
1706,c1r1e4n50,other
1707,c1r1e4n10,other
1708,c1r1e4n22,other
1709,c1r1e4n8,other
1710,c1r1e6n35,other
1711,c1r1e6n38,other
1712,c1r1e6n36,other
1713,c1r1e6n48,other
1714,c1r1e6n34,other
1715,c1r1e6n49,other
1716,c1r1e6n30,other
1717,c1r1e6n32,other
1718,c1r1e6n31,other
1719,c1r1e6n42,other
1720,c1r1e6n46,other
1721,c1r1e6n37,other
1722,c1r1e6n43,other
1723,c1r1e6n39,other
1724,c1r1e6n47,other
1725,c1r1e6n41,other
1726,c1r1e6n33,other
1727,c1r1e6n45,other
1728,c1r1e6n40,other
1729,c1r1e6n50,other
1730,c1r1e6n44,other
1731,c1r1e5n2,pliegues
1732,c1r1e5n4,pliegues
1733,c1r1e5n9,pliegues
1734,c1r1e5n21,pliegues
1735,c1r1e5n43,pliegues
1736,c1r1e5n11,pliegues
1737,c1r1e5n24,other
1738,c1r1e5n28,pliegues
1739,c1r1e5n37,pliegues
1740,c1r1e5n36,pliegues
1741,c1r1e5n38,pliegues
1742,c1r1e5n31,pliegues
1743,c1r1e5n10,other
1744,c1r1e5n39,pliegues
1745,c1r1e5n49,pliegues
1746,c1r1e5n34,pliegues
1747,c1r1e5n29,pliegues
1748,c1r1e5n26,pliegues
1749,c1r1e5n33,pliegues
1750,c1r1e5n35,pliegues
1751,c1r1e5n20,pliegues
1752,c1r1e5n44,pliegues
1753,c1r1e5n32,pliegues
1754,c1r1e5n25,pliegues
1755,c1r1e5n48,pliegues
1756,c1r1e5n18,pliegues
1757,c1r1e5n19,pliegues
1758,c1r1e5n6,pliegues
1759,c1r1e5n15,other
1760,c1r1e5n27,pliegues
1761,c1r1e5n14,pliegues
1762,c1r1e5n41,pliegues
1763,c1r1e5n7,pliegues
1764,c1r1e5n47,pliegues
1765,c1r1e5n22,pliegues
1766,c1r1e5n1,pliegues
1767,c1r1e5n16,other
1768,c1r1e5n30,pliegues
1769,c1r1e5n45,pliegues
1770,c1r1e5n50,pliegues
1771,c1r1e5n12,pliegues
1772,c1r1e5n46,pliegues
1773,c1r1e5n5,pliegues
1774,c1r1e5n40,pliegues
1775,c1r1e5n3,pliegues
1776,c1r1e5n8,pliegues
1777,c1r1e5n42,pliegues
1778,c1r1e5n13,other
1779,c1r1e5n17,pliegues
1780,c1r1e5n23,pliegues
1781,c1r3e3n35,marcas
1782,c1r3e3n3,marcas
1783,c1r3e3n24,marcas
1784,c1r3e3n47,marcas
1785,c1r3e3n22,marcas
1786,c1r3e3n33,marcas
1787,c1r3e3n8,marcas
1788,c1r3e3n12,marcas
1789,c1r3e3n40,marcas
1790,c1r3e3n49,marcas
1791,c1r3e3n37,marcas
1792,c1r3e3n1,marcas
1793,c1r3e3n23,marcas
1794,c1r3e3n25,marcas
1795,c1r3e3n44,marcas
1796,c1r3e3n31,marcas
1797,c1r3e3n6,marcas
1798,c1r3e3n36,marcas
1799,c1r3e3n26,marcas
1800,c1r3e3n38,marcas
1801,c1r3e3n21,marcas
1802,c1r3e3n11,marcas
1803,c1r3e3n30,marcas
1804,c1r3e3n17,marcas
1805,c1r3e3n42,marcas
1806,c1r3e3n32,marcas
1807,c1r3e3n13,marcas
1808,c1r3e3n34,marcas
1809,c1r3e3n7,marcas
1810,c1r3e3n2,marcas
1811,c1r3e3n14,marcas
1812,c1r3e3n43,marcas
1813,c1r3e3n27,marcas
1814,c1r3e3n20,marcas
1815,c1r3e3n50,marcas
1816,c1r3e3n15,marcas
1817,c1r3e3n28,marcas
1818,c1r3e3n4,marcas
1819,c1r3e3n29,marcas
1820,c1r3e3n9,marcas
1821,c1r3e3n10,marcas
1822,c1r3e3n41,marcas
1823,c1r3e3n18,marcas
1824,c1r3e3n5,marcas
1825,c1r3e3n16,marcas
1826,c1r3e3n48,marcas
1827,c1r3e3n19,marcas
1828,c1r3e3n45,marcas
1829,c1r3e3n46,marcas
1830,c1r3e3n39,marcas
1831,c1r3e1n9,agujeros
1832,c1r3e1n15,agujeros
1833,c1r3e1n20,agujeros
1834,c1r3e1n41,agujeros
1835,c1r3e1n26,agujeros
1836,c1r3e1n1,agujeros
1837,c1r3e1n46,agujeros
1838,c1r3e1n7,agujeros
1839,c1r3e1n29,agujeros
1840,c1r3e1n23,agujeros
1841,c1r3e1n16,agujeros
1842,c1r3e1n44,agujeros
1843,c1r3e1n22,agujeros
1844,c1r3e1n28,agujeros
1845,c1r3e1n49,agujeros
1846,c1r3e1n30,agujeros
1847,c1r3e1n12,agujeros
1848,c1r3e1n6,agujeros
1849,c1r3e1n11,agujeros
1850,c1r3e1n42,agujeros
1851,c1r3e1n24,agujeros
1852,c1r3e1n8,agujeros
1853,c1r3e1n5,agujeros
1854,c1r3e1n27,agujeros
1855,c1r3e1n45,agujeros
1856,c1r3e1n48,agujeros
1857,c1r3e1n25,agujeros
1858,c1r3e1n50,agujeros
1859,c1r3e1n19,agujeros
1860,c1r3e1n43,agujeros
1861,c1r3e1n14,agujeros
1862,c1r3e1n2,agujeros
1863,c1r3e1n18,agujeros
1864,c1r3e1n4,agujeros
1865,c1r3e1n3,agujeros
1866,c1r3e1n47,agujeros
1867,c1r3e1n21,agujeros
1868,c1r3e1n10,agujeros
1869,c1r3e1n17,agujeros
1870,c1r3e1n13,agujeros
1871,c1r3e2n36,manchas
1872,c1r3e2n21,manchas
1873,c1r3e2n26,manchas
1874,c1r3e2n43,manchas
1875,c1r3e2n49,manchas
1876,c1r3e2n32,rayas_colores
1877,c1r3e2n20,manchas
1878,c1r3e2n12,rayas_colores
1879,c1r3e2n44,manchas
1880,c1r3e2n35,rayas_colores
1881,c1r3e2n31,rayas_colores
1882,c1r3e2n4,manchas
1883,c1r3e2n10,rayas_colores
1884,c1r3e2n29,manchas
1885,c1r3e2n50,manchas
1886,c1r3e2n30,manchas
1887,c1r3e2n8,manchas
1888,c1r3e2n45,manchas
1889,c1r3e2n16,manchas
1890,c1r3e2n5,manchas
1891,c1r3e2n33,rayas_colores
1892,c1r3e2n46,rayas_colores
1893,c1r3e2n1,manchas
1894,c1r3e2n37,manchas
1895,c1r3e2n24,manchas
1896,c1r3e2n28,manchas
1897,c1r3e2n38,manchas
1898,c1r3e2n22,manchas
1899,c1r3e2n6,manchas
1900,c1r3e2n7,manchas
1901,c1r3e2n9,manchas
1902,c1r3e2n23,manchas
1903,c1r3e2n3,manchas
1904,c1r3e2n34,rayas_colores
1905,c1r3e2n41,rayas_colores
1906,c1r3e2n40,manchas
1907,c1r3e2n11,rayas_colores
1908,c1r3e2n2,manchas
1909,c1r3e2n27,manchas
1910,c1r3e2n42,rayas_colores
1911,c1r3e2n15,rayas_colores
1912,c1r3e2n19,manchas
1913,c1r3e2n39,manchas
1914,c1r3e2n48,rayas_colores
1915,c1r3e2n18,manchas
1916,c1r3e2n25,manchas
1917,c1r3e2n47,rayas_colores
1918,c1r3e2n17,manchas
1919,c1r3e2n13,rayas_colores
1920,c1r3e2n14,rayas_colores
1921,c1r3e4n2,other
1922,c1r3e4n49,other
1923,c1r3e4n21,other
1924,c1r3e4n12,other
1925,c1r3e4n41,other
1926,c1r3e4n33,other
1927,c1r3e4n45,other
1928,c1r3e4n47,other
1929,c1r3e4n29,other
1930,c1r3e4n15,other
1931,c1r3e4n24,other
1932,c1r3e4n34,other
1933,c1r3e4n50,other
1934,c1r3e4n22,other
1935,c1r3e4n1,other
1936,c1r3e4n9,other
1937,c1r3e4n42,other
1938,c1r3e4n6,other
1939,c1r3e4n5,other
1940,c1r3e4n20,other
1941,c1r3e4n10,other
1942,c1r3e4n7,other
1943,c1r3e4n36,other
1944,c1r3e4n32,other
1945,c1r3e4n4,other
1946,c1r3e4n46,other
1947,c1r3e4n23,other
1948,c1r3e4n38,other
1949,c1r3e4n31,other
1950,c1r3e4n43,other
1951,c1r3e4n48,other
1952,c1r3e4n17,other
1953,c1r3e4n40,other
1954,c1r3e4n11,other
1955,c1r3e4n18,other
1956,c1r3e4n44,other
1957,c1r3e4n8,other
1958,c1r3e4n28,other
1959,c1r3e4n13,other
1960,c1r3e4n26,other
1961,c1r3e4n27,other
1962,c1r3e4n35,other
1963,c1r3e4n19,other
1964,c1r3e4n25,other
1965,c1r3e4n3,other
1966,c1r3e4n39,other
1967,c1r3e4n14,other
1968,c1r3e4n30,other
1969,c1r3e4n16,other
1970,c1r3e4n37,other
1971,c1r3e6n29,other
1972,c1r3e6n38,other
1973,c1r3e6n28,other
1974,c1r3e6n17,other
1975,c1r3e6n25,other
1976,c1r3e6n47,other
1977,c1r3e6n16,other
1978,c1r3e6n45,other
1979,c1r3e6n36,other
1980,c1r3e6n30,other
1981,c1r3e6n22,other
1982,c1r3e6n41,other
1983,c1r3e6n46,other
1984,c1r3e6n34,other
1985,c1r3e6n26,other
1986,c1r3e6n40,other
1987,c1r3e6n50,other
1988,c1r3e6n24,other
1989,c1r3e6n44,other
1990,c1r3e6n35,other
1991,c1r3e6n19,other
1992,c1r3e6n39,other
1993,c1r3e6n27,other
1994,c1r3e6n37,other
1995,c1r3e6n23,other
1996,c1r3e6n20,other
1997,c1r3e6n49,other
1998,c1r3e6n42,other
1999,c1r3e6n43,other
2000,c1r3e6n21,other
2001,c1r3e6n18,other
2002,c1r3e6n48,other
2003,c1r3e6n32,other
2004,c1r3e6n33,other
2005,c1r3e6n31,other
2006,c1r3e5n22,pliegues
2007,c1r3e5n7,pliegues
2008,c1r3e5n27,pliegues
2009,c1r3e5n15,pliegues
2010,c1r3e5n13,pliegues
2011,c1r3e5n20,pliegues
2012,c1r3e5n9,pliegues
2013,c1r3e5n44,pliegues
2014,c1r3e5n16,pliegues
2015,c1r3e5n42,pliegues
2016,c1r3e5n32,pliegues
2017,c1r3e5n45,pliegues
2018,c1r3e5n40,pliegues
2019,c1r3e5n34,pliegues
2020,c1r3e5n12,pliegues
2021,c1r3e5n5,pliegues
2022,c1r3e5n4,pliegues
2023,c1r3e5n25,pliegues
2024,c1r3e5n23,pliegues
2025,c1r3e5n24,pliegues
2026,c1r3e5n39,pliegues
2027,c1r3e5n49,pliegues
2028,c1r3e5n29,pliegues
2029,c1r3e5n14,pliegues
2030,c1r3e5n2,pliegues
2031,c1r3e5n47,pliegues
2032,c1r3e5n10,pliegues
2033,c1r3e5n43,pliegues
2034,c1r3e5n11,pliegues
2035,c1r3e5n31,pliegues
2036,c1r3e5n41,pliegues
2037,c1r3e5n6,pliegues
2038,c1r3e5n38,pliegues
2039,c1r3e5n46,pliegues
2040,c1r3e5n30,pliegues
2041,c1r3e5n35,pliegues
2042,c1r3e5n17,pliegues
2043,c1r3e5n21,pliegues
2044,c1r3e5n3,pliegues
2045,c1r3e5n8,pliegues
2046,c1r3e5n36,pliegues
2047,c1r3e5n28,pliegues
2048,c1r3e5n37,pliegues
2049,c1r3e5n50,pliegues
2050,c1r3e5n33,pliegues
2051,c1r3e5n19,pliegues
2052,c1r3e5n48,pliegues
2053,c1r3e5n18,pliegues
2054,c1r3e5n1,pliegues
2055,c1r3e5n26,pliegues
