,Name,Pattern
0,c1r1e2n24.tif,liso
1,c1r1e2n23.tif,liso
2,c1r1e2n8.tif,liso
3,c1r1e2n4.tif,liso
4,c1r1e2n21.tif,liso
5,c1r1e2n1.tif,liso
6,c1r1e2n16.tif,liso
7,c1r1e2n6.tif,liso
8,c1r1e2n3.tif,liso
9,c1r1e2n9.tif,liso
10,c1r1e2n11.tif,liso
11,c1r1e2n30.tif,liso
12,c1r1e2n17.tif,liso
13,c1r1e2n35.tif,liso
14,c1r1e2n50.tif,liso
15,c1r1e2n38.tif,liso
16,c1r1e2n46.tif,liso
17,c1r1e2n5.tif,liso
18,c1r1e2n37.tif,liso
19,c1r1e2n19.tif,liso
20,c1r1e2n22.tif,liso
21,c1r1e2n29.tif,liso
22,c1r1e2n45.tif,liso
23,c1r1e2n28.tif,liso
24,c1r1e2n48.tif,liso
25,c1r1e2n33.tif,liso
26,c1r1e2n27.tif,liso
27,c1r1e2n44.tif,liso
28,c1r1e2n20.tif,liso
29,c1r1e2n10.tif,liso
30,c1r1e2n13.tif,liso
31,c1r1e2n2.tif,liso
32,c1r1e2n18.tif,liso
33,c1r1e2n43.tif,liso
34,c1r1e2n7.tif,liso
35,c1r1e2n26.tif,liso
36,c1r1e2n32.tif,liso
37,c1r1e2n36.tif,liso
38,c1r1e2n14.tif,liso
39,c1r1e2n15.tif,liso
40,c1r1e2n25.tif,liso
41,c1r1e2n39.tif,liso
42,c1r1e2n12.tif,liso
43,c1r1e2n49.tif,liso
44,c1r1e2n34.tif,liso
45,c1r1e2n31.tif,liso
46,c1r1e2n47.tif,liso
47,c1r1e0n42.tif,liso
48,c1r1e0n5.tif,liso
49,c1r1e0n44.tif,liso
50,c1r1e0n14.tif,liso
51,c1r1e0n9.tif,liso
52,c1r1e0n16.tif,liso
53,c1r1e0n41.tif,liso
54,c1r1e0n26.tif,liso
55,c1r1e0n6.tif,liso
56,c1r1e0n11.tif,liso
57,c1r1e0n50.tif,liso
58,c1r1e0n3.tif,liso
59,c1r1e0n18.tif,liso
60,c1r1e0n46.tif,liso
61,c1r1e0n7.tif,liso
62,c1r1e0n48.tif,liso
63,c1r1e0n20.tif,liso
64,c1r1e0n13.tif,liso
65,c1r1e0n47.tif,liso
66,c1r1e0n45.tif,liso
67,c1r1e0n22.tif,liso
68,c1r1e0n8.tif,liso
69,c1r1e0n49.tif,liso
70,c1r1e0n15.tif,liso
71,c1r1e0n38.tif,liso
72,c1r1e0n12.tif,liso
73,c1r1e0n2.tif,liso
74,c1r1e0n25.tif,liso
75,c1r1e0n17.tif,liso
76,c1r1e0n40.tif,liso
77,c1r1e0n24.tif,liso
78,c1r1e0n29.tif,liso
79,c1r1e0n31.tif,liso
80,c1r1e0n37.tif,liso
81,c1r1e0n32.tif,liso
82,c1r1e0n28.tif,liso
83,c1r1e0n36.tif,liso
84,c1r1e0n19.tif,liso
85,c1r1e0n4.tif,liso
86,c1r1e0n39.tif,liso
87,c1r1e0n27.tif,liso
88,c1r1e0n34.tif,liso
89,c1r1e0n43.tif,liso
90,c1r1ref.tif,liso
91,c1r1e0n35.tif,liso
92,c1r1e0n33.tif,liso
93,c1r1e0n21.tif,liso
94,c1r1e0n10.tif,liso
95,c1r1e0n23.tif,liso
96,c1r1e0n30.tif,liso
97,c1r1e0n1.tif,liso
98,c1r1e4n41.tif,liso
99,c1r1e4n21.tif,liso
100,c1r1e4n20.tif,liso
101,c1r1e4n6.tif,liso
102,c1r1e4n48.tif,liso
103,c1r1e4n5.tif,liso
104,c1r1e4n34.tif,liso
105,c1r1e4n45.tif,liso
106,c1r1e4n17.tif,liso
107,c1r1e4n10.tif,liso
108,c1r1e4n32.tif,liso
109,c1r1e4n50.tif,liso
110,c1r1e4n14.tif,liso
111,c1r1e4n9.tif,liso
112,c1r1e4n23.tif,liso
113,c1r1e4n29.tif,liso
114,c1r1e4n40.tif,liso
115,c1r1e4n37.tif,liso
116,c1r1e4n47.tif,liso
117,c1r1e4n13.tif,liso
118,c1r1e4n31.tif,liso
119,c1r1e4n7.tif,liso
120,c1r1e4n30.tif,liso
121,c1r1e4n15.tif,liso
122,c1r1e4n8.tif,liso
123,c1r1e4n2.tif,liso
124,c1r1e4n22.tif,liso
125,c1r1e4n33.tif,liso
126,c1r1e4n4.tif,liso
127,c1r1e4n16.tif,liso
128,c1r1e4n12.tif,liso
129,c1r1e4n11.tif,liso
130,c1r1e4n27.tif,liso
131,c1r1e4n49.tif,liso
132,c1r1e4n18.tif,liso
133,c1r1e4n25.tif,liso
134,c1r1e4n39.tif,liso
135,c1r1e4n24.tif,liso
136,c1r1e4n35.tif,liso
137,c1r1e4n1.tif,liso
138,c1r1e4n36.tif,liso
139,c1r1e4n46.tif,liso
140,c1r1e4n26.tif,liso
141,c1r1e4n42.tif,liso
142,c1r1e4n44.tif,liso
143,c1r1e4n38.tif,liso
144,c1r1e4n28.tif,liso
145,c1r1e4n43.tif,liso
146,c1r1e4n3.tif,liso
147,c1r1e4n19.tif,liso
148,c1r1e7n43.tif,liso
149,c1r1e7n11.tif,liso
150,c1r1e7n36.tif,liso
151,c1r1e7n10.tif,liso
152,c1r1e7n12.tif,liso
153,c1r1e7n16.tif,liso
154,c1r1e7n37.tif,liso
155,c1r1e7n21.tif,liso
156,c1r1e7n31.tif,liso
157,c1r1e7n47.tif,liso
158,c1r1e7n39.tif,liso
159,c1r1e7n9.tif,liso
160,c1r1e7n35.tif,liso
161,c1r1e7n24.tif,liso
162,c1r1e7n32.tif,liso
163,c1r1e7n14.tif,liso
164,c1r1e7n17.tif,liso
165,c1r1e7n44.tif,liso
166,c1r1e7n25.tif,liso
167,c1r1e7n13.tif,liso
168,c1r1e7n45.tif,liso
169,c1r1e7n5.tif,liso
170,c1r1e7n18.tif,liso
171,c1r1e7n20.tif,liso
172,c1r1e7n27.tif,liso
173,c1r1e7n22.tif,liso
174,c1r1e7n6.tif,liso
175,c1r1e7n4.tif,liso
176,c1r1e7n7.tif,liso
177,c1r1e7n49.tif,liso
178,c1r1e7n23.tif,liso
179,c1r1e7n48.tif,liso
180,c1r1e7n33.tif,liso
181,c1r1e7n19.tif,liso
182,c1r1e7n30.tif,liso
183,c1r1e7n50.tif,liso
184,c1r1e7n40.tif,liso
185,c1r1e7n1.tif,liso
186,c1r1e7n2.tif,liso
187,c1r1e7n28.tif,liso
188,c1r1e7n42.tif,liso
189,c1r1e7n8.tif,liso
190,c1r1e7n41.tif,liso
191,c1r1e7n29.tif,liso
192,c1r1e7n46.tif,liso
193,c1r1e7n3.tif,liso
194,c1r1e7n34.tif,liso
195,c1r1e7n26.tif,liso
196,c1r1e7n15.tif,liso
197,c1r1e7n38.tif,liso
198,c1r1e1n16.tif,liso
199,c1r1e1n45.tif,liso
200,c1r1e1n50.tif,liso
201,c1r1e1n49.tif,liso
202,c1r1e1n24.tif,liso
203,c1r1e1n18.tif,liso
204,c1r1e1n15.tif,liso
205,c1r1e1n3.tif,liso
206,c1r1e1n26.tif,liso
207,c1r1e1n42.tif,liso
208,c1r1e1n7.tif,liso
209,c1r1e1n43.tif,liso
210,c1r1e1n29.tif,liso
211,c1r1e1n28.tif,liso
212,c1r1e1n38.tif,liso
213,c1r1e1n25.tif,liso
214,c1r1e1n44.tif,liso
215,c1r1e1n9.tif,liso
216,c1r1e1n20.tif,liso
217,c1r1e1n46.tif,liso
218,c1r1e1n2.tif,liso
219,c1r1e1n23.tif,liso
220,c1r1e1n47.tif,liso
221,c1r1e1n36.tif,liso
222,c1r1e1n11.tif,liso
223,c1r1e1n34.tif,liso
224,c1r1e1n27.tif,liso
225,c1r1e1n41.tif,liso
226,c1r1e1n6.tif,liso
227,c1r1e1n8.tif,liso
228,c1r1e1n37.tif,liso
229,c1r1e1n21.tif,liso
230,c1r1e1n40.tif,liso
231,c1r1e1n19.tif,liso
232,c1r1e1n22.tif,liso
233,c1r1e1n33.tif,liso
234,c1r1e1n30.tif,liso
235,c1r1e1n32.tif,liso
236,c1r1e1n14.tif,liso
237,c1r1e1n1.tif,liso
238,c1r1e1n13.tif,liso
239,c1r1e1n10.tif,liso
240,c1r1e1n17.tif,liso
241,c1r1e1n12.tif,liso
242,c1r1e1n5.tif,liso
243,c1r1e1n35.tif,liso
244,c1r1e1n31.tif,liso
245,c1r1e1n48.tif,liso
246,c1r1e1n39.tif,liso
247,c1r1e1n4.tif,liso
248,c1r1e6n7.tif,liso
249,c1r1e6n3.tif,liso
250,c1r1e6n45.tif,liso
251,c1r1e6n44.tif,liso
252,c1r1e6n23.tif,liso
253,c1r1e6n50.tif,liso
254,c1r1e6n12.tif,liso
255,c1r1e6n5.tif,liso
256,c1r1e6n18.tif,liso
257,c1r1e6n24.tif,liso
258,c1r1e6n11.tif,liso
259,c1r1e6n33.tif,liso
260,c1r1e6n19.tif,liso
261,c1r1e6n40.tif,liso
262,c1r1e6n34.tif,liso
263,c1r1e6n48.tif,liso
264,c1r1e6n41.tif,liso
265,c1r1e6n20.tif,liso
266,c1r1e6n17.tif,liso
267,c1r1e6n10.tif,liso
268,c1r1e6n29.tif,liso
269,c1r1e6n31.tif,liso
270,c1r1e6n27.tif,liso
271,c1r1e6n49.tif,liso
272,c1r1e6n47.tif,liso
273,c1r1e6n46.tif,liso
274,c1r1e6n35.tif,liso
275,c1r1e6n9.tif,liso
276,c1r1e6n32.tif,liso
277,c1r1e6n15.tif,liso
278,c1r1e6n25.tif,liso
279,c1r1e6n38.tif,liso
280,c1r1e6n2.tif,liso
281,c1r1e6n8.tif,liso
282,c1r1e6n39.tif,liso
283,c1r1e6n6.tif,liso
284,c1r1e6n1.tif,liso
285,c1r1e6n26.tif,liso
286,c1r1e6n21.tif,liso
287,c1r1e6n37.tif,liso
288,c1r1e6n36.tif,liso
289,c1r1e6n43.tif,liso
290,c1r1e6n22.tif,liso
291,c1r1e6n13.tif,liso
292,c1r1e6n16.tif,liso
293,c1r1e6n30.tif,liso
294,c1r1e6n28.tif,liso
295,c1r1e6n42.tif,liso
296,c1r1e6n4.tif,liso
297,c1r1e6n14.tif,liso
298,c1r1e3n26.tif,liso
299,c1r1e3n42.tif,liso
300,c1r1e3n19.tif,liso
301,c1r1e3n1.tif,liso
302,c1r1e3n6.tif,liso
303,c1r1e3n9.tif,liso
304,c1r1e3n25.tif,liso
305,c1r1e3n8.tif,liso
306,c1r1e3n10.tif,liso
307,c1r1e3n40.tif,liso
308,c1r1e3n28.tif,liso
309,c1r1e3n14.tif,liso
310,c1r1e3n13.tif,liso
311,c1r1e3n16.tif,liso
312,c1r1e3n41.tif,liso
313,c1r1e3n31.tif,liso
314,c1r1e3n5.tif,liso
315,c1r1e3n45.tif,liso
316,c1r1e3n39.tif,liso
317,c1r1e3n17.tif,liso
318,c1r1e3n32.tif,liso
319,c1r1e3n23.tif,liso
320,c1r1e3n4.tif,liso
321,c1r1e3n30.tif,liso
322,c1r1e3n29.tif,liso
323,c1r1e3n24.tif,liso
324,c1r1e3n15.tif,liso
325,c1r1e3n48.tif,liso
326,c1r1e3n46.tif,liso
327,c1r1e3n49.tif,liso
328,c1r1e3n34.tif,liso
329,c1r1e3n38.tif,liso
330,c1r1e3n43.tif,liso
331,c1r1e3n22.tif,liso
332,c1r1e3n37.tif,liso
333,c1r1e3n50.tif,liso
334,c1r1e3n33.tif,liso
335,c1r1e3n20.tif,liso
336,c1r1e3n3.tif,liso
337,c1r1e3n11.tif,liso
338,c1r1e3n18.tif,liso
339,c1r1e3n36.tif,liso
340,c1r1e3n7.tif,liso
341,c1r1e3n2.tif,liso
342,c1r1e3n35.tif,liso
343,c1r1e3n27.tif,liso
344,c1r1e3n47.tif,liso
345,c1r1e3n44.tif,liso
346,c1r1e3n12.tif,liso
347,c1r1e3n21.tif,liso
348,c1r1e5n45.tif,liso
349,c1r1e5n9.tif,liso
350,c1r1e5n34.tif,liso
351,c1r1e5n36.tif,liso
352,c1r1e5n10.tif,liso
353,c1r1e5n28.tif,liso
354,c1r1e5n17.tif,liso
355,c1r1e5n8.tif,liso
356,c1r1e5n15.tif,liso
357,c1r1e5n46.tif,liso
358,c1r1e5n42.tif,liso
359,c1r1e5n18.tif,liso
360,c1r1e5n6.tif,liso
361,c1r1e5n16.tif,liso
362,c1r1e5n7.tif,liso
363,c1r1e5n12.tif,liso
364,c1r1e5n3.tif,liso
365,c1r1e5n50.tif,liso
366,c1r1e5n5.tif,liso
367,c1r1e5n27.tif,liso
368,c1r1e5n48.tif,liso
369,c1r1e5n40.tif,liso
370,c1r1e5n22.tif,liso
371,c1r1e5n44.tif,liso
372,c1r1e5n14.tif,liso
373,c1r1e5n1.tif,liso
374,c1r1e5n2.tif,liso
375,c1r1e5n21.tif,liso
376,c1r1e5n33.tif,liso
377,c1r1e5n31.tif,liso
378,c1r1e5n11.tif,liso
379,c1r1e5n39.tif,liso
380,c1r1e5n38.tif,liso
381,c1r1e5n20.tif,liso
382,c1r1e5n37.tif,liso
383,c1r1e5n35.tif,liso
384,c1r1e5n24.tif,liso
385,c1r1e5n26.tif,liso
386,c1r1e5n4.tif,liso
387,c1r1e5n19.tif,liso
388,c1r1e5n47.tif,liso
389,c1r1e5n25.tif,liso
390,c1r1e5n29.tif,liso
391,c1r1e5n49.tif,liso
392,c1r1e5n13.tif,liso
393,c1r1e5n43.tif,liso
394,c1r1e5n30.tif,liso
395,c1r1e5n23.tif,liso
396,c1r1e5n41.tif,liso
397,c1r1e5n32.tif,liso
398,c1r3e2n21.tif,punto
399,c1r3e2n28.tif,punto
400,c1r3e2n33.tif,punto
401,c1r3e2n3.tif,punto
402,c1r3e2n15.tif,punto
403,c1r3e2n27.tif,punto
404,c1r3e2n8.tif,punto
405,c1r3e2n37.tif,punto
406,c1r3e2n12.tif,punto
407,c1r3e2n30.tif,punto
408,c1r3e2n18.tif,punto
409,c1r3e2n48.tif,punto
410,c1r3e2n50.tif,punto
411,c1r3e2n41.tif,punto
412,c1r3e2n47.tif,punto
413,c1r3e2n43.tif,punto
414,c1r3e2n49.tif,punto
415,c1r3e2n24.tif,punto
416,c1r3e2n22.tif,punto
417,c1r3e2n20.tif,punto
418,c1r3e2n25.tif,punto
419,c1r3e2n7.tif,punto
420,c1r3e2n42.tif,punto
421,c1r3e2n11.tif,punto
422,c1r3e2n9.tif,punto
423,c1r3e2n35.tif,punto
424,c1r3e2n40.tif,punto
425,c1r3e2n39.tif,punto
426,c1r3e2n13.tif,punto
427,c1r3e2n38.tif,punto
428,c1r3e2n16.tif,punto
429,c1r3e2n44.tif,punto
430,c1r3e2n2.tif,punto
431,c1r3e2n4.tif,punto
432,c1r3e2n14.tif,punto
433,c1r3e2n23.tif,punto
434,c1r3e2n19.tif,punto
435,c1r3e2n45.tif,punto
436,c1r3e2n32.tif,punto
437,c1r3e2n10.tif,punto
438,c1r3e2n36.tif,punto
439,c1r3e2n34.tif,punto
440,c1r3e2n31.tif,punto
441,c1r3e2n6.tif,punto
442,c1r3e2n17.tif,punto
443,c1r3e2n5.tif,punto
444,c1r3e2n1.tif,punto
445,c1r3e2n29.tif,punto
446,c1r3e2n46.tif,punto
447,c1r3e2n26.tif,punto
448,c1r3e0n43.tif,punto
449,c1r3e0n37.tif,punto
450,c1r3e0n44.tif,punto
451,c1r3e0n5.tif,punto
452,c1r3e0n29.tif,punto
453,c1r3e0n47.tif,punto
454,c1r3e0n45.tif,punto
455,c1r3e0n35.tif,punto
456,c1r3e0n3.tif,punto
457,c1r3e0n25.tif,punto
458,c1r3e0n30.tif,punto
459,c1r3e0n50.tif,punto
460,c1r3e0n11.tif,punto
461,c1r3e0n1.tif,punto
462,c1r3e0n49.tif,punto
463,c1r3e0n6.tif,punto
464,c1r3e0n8.tif,punto
465,c1r3e0n36.tif,punto
466,c1r3e0n9.tif,punto
467,c1r3e0n14.tif,punto
468,c1r3e0n7.tif,punto
469,c1r3e0n31.tif,punto
470,c1r3e0n42.tif,punto
471,c1r3e0n2.tif,punto
472,c1r3e0n41.tif,punto
473,c1r3e0n33.tif,punto
474,c1r3e0n16.tif,punto
475,c1r3e0n32.tif,punto
476,c1r3e0n19.tif,punto
477,c1r3e0n23.tif,punto
478,c1r3e0n46.tif,punto
479,c1r3e0n12.tif,punto
480,c1r3e0n18.tif,punto
481,c1r3e0n13.tif,punto
482,c1r3e0n24.tif,punto
483,c1r3e0n39.tif,punto
484,c1r3e0n48.tif,punto
485,c1r3e0n40.tif,punto
486,c1r3e0n4.tif,punto
487,c1r3ref.tif,punto
488,c1r3e0n27.tif,punto
489,c1r3e0n34.tif,punto
490,c1r3e0n26.tif,punto
491,c1r3e0n10.tif,punto
492,c1r3e0n22.tif,punto
493,c1r3e0n21.tif,punto
494,c1r3e0n20.tif,punto
495,c1r3e0n28.tif,punto
496,c1r3e0n38.tif,punto
497,c1r3e0n15.tif,punto
498,c1r3e0n17.tif,punto
499,c1r3e4n27.tif,punto
500,c1r3e4n47.tif,punto
501,c1r3e4n36.tif,punto
502,c1r3e4n40.tif,punto
503,c1r3e4n46.tif,punto
504,c1r3e4n20.tif,punto
505,c1r3e4n44.tif,punto
506,c1r3e4n41.tif,punto
507,c1r3e4n21.tif,punto
508,c1r3e4n3.tif,punto
509,c1r3e4n15.tif,punto
510,c1r3e4n25.tif,punto
511,c1r3e4n39.tif,punto
512,c1r3e4n11.tif,punto
513,c1r3e4n18.tif,punto
514,c1r3e4n43.tif,punto
515,c1r3e4n48.tif,punto
516,c1r3e4n45.tif,punto
517,c1r3e4n10.tif,punto
518,c1r3e4n1.tif,punto
519,c1r3e4n4.tif,punto
520,c1r3e4n50.tif,punto
521,c1r3e4n8.tif,punto
522,c1r3e4n42.tif,punto
523,c1r3e4n30.tif,punto
524,c1r3e4n9.tif,punto
525,c1r3e4n5.tif,punto
526,c1r3e4n2.tif,punto
527,c1r3e4n6.tif,punto
528,c1r3e4n17.tif,punto
529,c1r3e4n23.tif,punto
530,c1r3e4n28.tif,punto
531,c1r3e4n38.tif,punto
532,c1r3e4n37.tif,punto
533,c1r3e4n29.tif,punto
534,c1r3e4n34.tif,punto
535,c1r3e4n31.tif,punto
536,c1r3e4n12.tif,punto
537,c1r3e4n13.tif,punto
538,c1r3e4n7.tif,punto
539,c1r3e4n19.tif,punto
540,c1r3e4n49.tif,punto
541,c1r3e4n14.tif,punto
542,c1r3e4n33.tif,punto
543,c1r3e4n35.tif,punto
544,c1r3e4n26.tif,punto
545,c1r3e4n24.tif,punto
546,c1r3e4n32.tif,punto
547,c1r3e4n22.tif,punto
548,c1r3e4n16.tif,punto
549,c1r3e7n24.tif,punto
550,c1r3e7n4.tif,punto
551,c1r3e7n36.tif,punto
552,c1r3e7n50.tif,punto
553,c1r3e7n47.tif,punto
554,c1r3e7n10.tif,punto
555,c1r3e7n15.tif,punto
556,c1r3e7n18.tif,punto
557,c1r3e7n48.tif,punto
558,c1r3e7n31.tif,punto
559,c1r3e7n26.tif,punto
560,c1r3e7n35.tif,punto
561,c1r3e7n33.tif,punto
562,c1r3e7n3.tif,punto
563,c1r3e7n27.tif,punto
564,c1r3e7n30.tif,punto
565,c1r3e7n22.tif,punto
566,c1r3e7n42.tif,punto
567,c1r3e7n5.tif,punto
568,c1r3e7n1.tif,punto
569,c1r3e7n11.tif,punto
570,c1r3e7n19.tif,punto
571,c1r3e7n41.tif,punto
572,c1r3e7n7.tif,punto
573,c1r3e7n21.tif,punto
574,c1r3e7n14.tif,punto
575,c1r3e7n8.tif,punto
576,c1r3e7n12.tif,punto
577,c1r3e7n32.tif,punto
578,c1r3e7n37.tif,punto
579,c1r3e7n40.tif,punto
580,c1r3e7n28.tif,punto
581,c1r3e7n45.tif,punto
582,c1r3e7n29.tif,punto
583,c1r3e7n43.tif,punto
584,c1r3e7n44.tif,punto
585,c1r3e7n49.tif,punto
586,c1r3e7n17.tif,punto
587,c1r3e7n25.tif,punto
588,c1r3e7n6.tif,punto
589,c1r3e7n9.tif,punto
590,c1r3e7n34.tif,punto
591,c1r3e7n16.tif,punto
592,c1r3e7n13.tif,punto
593,c1r3e7n38.tif,punto
594,c1r3e7n39.tif,punto
595,c1r3e7n20.tif,punto
596,c1r3e7n2.tif,punto
597,c1r3e7n46.tif,punto
598,c1r3e7n23.tif,punto
599,c1r3e1n33.tif,punto
600,c1r3e1n1.tif,punto
601,c1r3e1n12.tif,punto
602,c1r3e1n2.tif,punto
603,c1r3e1n46.tif,punto
604,c1r3e1n6.tif,punto
605,c1r3e1n32.tif,punto
606,c1r3e1n47.tif,punto
607,c1r3e1n38.tif,punto
608,c1r3e1n17.tif,punto
609,c1r3e1n15.tif,punto
610,c1r3e1n50.tif,punto
611,c1r3e1n9.tif,punto
612,c1r3e1n14.tif,punto
613,c1r3e1n19.tif,punto
614,c1r3e1n21.tif,punto
615,c1r3e1n20.tif,punto
616,c1r3e1n41.tif,punto
617,c1r3e1n37.tif,punto
618,c1r3e1n43.tif,punto
619,c1r3e1n25.tif,punto
620,c1r3e1n23.tif,punto
621,c1r3e1n13.tif,punto
622,c1r3e1n45.tif,punto
623,c1r3e1n49.tif,punto
624,c1r3e1n26.tif,punto
625,c1r3e1n11.tif,punto
626,c1r3e1n27.tif,punto
627,c1r3e1n3.tif,punto
628,c1r3e1n34.tif,punto
629,c1r3e1n44.tif,punto
630,c1r3e1n24.tif,punto
631,c1r3e1n29.tif,punto
632,c1r3e1n10.tif,punto
633,c1r3e1n35.tif,punto
634,c1r3e1n39.tif,punto
635,c1r3e1n16.tif,punto
636,c1r3e1n30.tif,punto
637,c1r3e1n7.tif,punto
638,c1r3e1n31.tif,punto
639,c1r3e1n8.tif,punto
640,c1r3e1n18.tif,punto
641,c1r3e1n28.tif,punto
642,c1r3e1n40.tif,punto
643,c1r3e1n22.tif,punto
644,c1r3e1n4.tif,punto
645,c1r3e1n5.tif,punto
646,c1r3e1n48.tif,punto
647,c1r3e1n36.tif,punto
648,c1r3e1n42.tif,punto
649,c1r3e6n22.tif,punto
650,c1r3e6n46.tif,punto
651,c1r3e6n37.tif,punto
652,c1r3e6n2.tif,punto
653,c1r3e6n43.tif,punto
654,c1r3e6n35.tif,punto
655,c1r3e6n39.tif,punto
656,c1r3e6n14.tif,punto
657,c1r3e6n49.tif,punto
658,c1r3e6n16.tif,punto
659,c1r3e6n36.tif,punto
660,c1r3e6n7.tif,punto
661,c1r3e6n23.tif,punto
662,c1r3e6n34.tif,punto
663,c1r3e6n10.tif,punto
664,c1r3e6n47.tif,punto
665,c1r3e6n19.tif,punto
666,c1r3e6n27.tif,punto
667,c1r3e6n40.tif,punto
668,c1r3e6n41.tif,punto
669,c1r3e6n26.tif,punto
670,c1r3e6n30.tif,punto
671,c1r3e6n4.tif,punto
672,c1r3e6n5.tif,punto
673,c1r3e6n12.tif,punto
674,c1r3e6n1.tif,punto
675,c1r3e6n21.tif,punto
676,c1r3e6n8.tif,punto
677,c1r3e6n25.tif,punto
678,c1r3e6n29.tif,punto
679,c1r3e6n20.tif,punto
680,c1r3e6n24.tif,punto
681,c1r3e6n45.tif,punto
682,c1r3e6n48.tif,punto
683,c1r3e6n11.tif,punto
684,c1r3e6n31.tif,punto
685,c1r3e6n15.tif,punto
686,c1r3e6n32.tif,punto
687,c1r3e6n9.tif,punto
688,c1r3e6n17.tif,punto
689,c1r3e6n50.tif,punto
690,c1r3e6n38.tif,punto
691,c1r3e6n44.tif,punto
692,c1r3e6n33.tif,punto
693,c1r3e6n6.tif,punto
694,c1r3e6n3.tif,punto
695,c1r3e6n42.tif,punto
696,c1r3e6n18.tif,punto
697,c1r3e6n28.tif,punto
698,c1r3e6n13.tif,punto
699,c1r3e3n17.tif,punto
700,c1r3e3n3.tif,punto
701,c1r3e3n2.tif,punto
702,c1r3e3n39.tif,punto
703,c1r3e3n1.tif,punto
704,c1r3e3n41.tif,punto
705,c1r3e3n35.tif,punto
706,c1r3e3n46.tif,punto
707,c1r3e3n19.tif,punto
708,c1r3e3n13.tif,punto
709,c1r3e3n14.tif,punto
710,c1r3e3n36.tif,punto
711,c1r3e3n6.tif,punto
712,c1r3e3n12.tif,punto
713,c1r3e3n45.tif,punto
714,c1r3e3n40.tif,punto
715,c1r3e3n5.tif,punto
716,c1r3e3n42.tif,punto
717,c1r3e3n34.tif,punto
718,c1r3e3n9.tif,punto
719,c1r3e3n7.tif,punto
720,c1r3e3n49.tif,punto
721,c1r3e3n25.tif,punto
722,c1r3e3n47.tif,punto
723,c1r3e3n22.tif,punto
724,c1r3e3n44.tif,punto
725,c1r3e3n37.tif,punto
726,c1r3e3n43.tif,punto
727,c1r3e3n23.tif,punto
728,c1r3e3n18.tif,punto
729,c1r3e3n28.tif,punto
730,c1r3e3n48.tif,punto
731,c1r3e3n15.tif,punto
732,c1r3e3n10.tif,punto
733,c1r3e3n21.tif,punto
734,c1r3e3n26.tif,punto
735,c1r3e3n24.tif,punto
736,c1r3e3n30.tif,punto
737,c1r3e3n38.tif,punto
738,c1r3e3n50.tif,punto
739,c1r3e3n32.tif,punto
740,c1r3e3n33.tif,punto
741,c1r3e3n29.tif,punto
742,c1r3e3n4.tif,punto
743,c1r3e3n11.tif,punto
744,c1r3e3n27.tif,punto
745,c1r3e3n20.tif,punto
746,c1r3e3n16.tif,punto
747,c1r3e3n8.tif,punto
748,c1r3e3n31.tif,punto
749,c1r3e5n40.tif,punto
750,c1r3e5n12.tif,punto
751,c1r3e5n48.tif,punto
752,c1r3e5n44.tif,punto
753,c1r3e5n6.tif,punto
754,c1r3e5n39.tif,punto
755,c1r3e5n20.tif,punto
756,c1r3e5n29.tif,punto
757,c1r3e5n50.tif,punto
758,c1r3e5n17.tif,punto
759,c1r3e5n15.tif,punto
760,c1r3e5n38.tif,punto
761,c1r3e5n26.tif,punto
762,c1r3e5n11.tif,punto
763,c1r3e5n16.tif,punto
764,c1r3e5n3.tif,punto
765,c1r3e5n10.tif,punto
766,c1r3e5n43.tif,punto
767,c1r3e5n47.tif,punto
768,c1r3e5n30.tif,punto
769,c1r3e5n34.tif,punto
770,c1r3e5n25.tif,punto
771,c1r3e5n49.tif,punto
772,c1r3e5n23.tif,punto
773,c1r3e5n18.tif,punto
774,c1r3e5n4.tif,punto
775,c1r3e5n36.tif,punto
776,c1r3e5n45.tif,punto
777,c1r3e5n19.tif,punto
778,c1r3e5n24.tif,punto
779,c1r3e5n37.tif,punto
780,c1r3e5n21.tif,punto
781,c1r3e5n13.tif,punto
782,c1r3e5n33.tif,punto
783,c1r3e5n32.tif,punto
784,c1r3e5n14.tif,punto
785,c1r3e5n1.tif,punto
786,c1r3e5n35.tif,punto
787,c1r3e5n31.tif,punto
788,c1r3e5n2.tif,punto
789,c1r3e5n46.tif,punto
790,c1r3e5n42.tif,punto
791,c1r3e5n28.tif,punto
792,c1r3e5n8.tif,punto
793,c1r3e5n9.tif,punto
794,c1r3e5n41.tif,punto
795,c1r3e5n27.tif,punto
796,c1r3e5n7.tif,punto
797,c1r3e5n5.tif,punto
798,c1r3e5n22.tif,punto
799,c2r2e2n25.tif,tejido_sofa
800,c2r2e2n14.tif,tejido_sofa
801,c2r2e2n16.tif,tejido_sofa
802,c2r2e2n13.tif,tejido_sofa
803,c2r2e2n22.tif,tejido_sofa
804,c2r2e2n33.tif,tejido_sofa
805,c2r2e2n44.tif,tejido_sofa
806,c2r2e2n37.tif,tejido_sofa
807,c2r2e2n23.tif,tejido_sofa
808,c2r2e2n26.tif,tejido_sofa
809,c2r2e2n10.tif,tejido_sofa
810,c2r2e2n47.tif,tejido_sofa
811,c2r2e2n49.tif,tejido_sofa
812,c2r2e2n35.tif,tejido_sofa
813,c2r2e2n31.tif,tejido_sofa
814,c2r2e2n7.tif,tejido_sofa
815,c2r2e2n2.tif,tejido_sofa
816,c2r2e2n27.tif,tejido_sofa
817,c2r2e2n17.tif,tejido_sofa
818,c2r2e2n45.tif,tejido_sofa
819,c2r2e2n15.tif,tejido_sofa
820,c2r2e2n9.tif,tejido_sofa
821,c2r2e2n3.tif,tejido_sofa
822,c2r2e2n32.tif,tejido_sofa
823,c2r2e2n4.tif,tejido_sofa
824,c2r2e2n5.tif,tejido_sofa
825,c2r2e2n41.tif,tejido_sofa
826,c2r2e2n11.tif,tejido_sofa
827,c2r2e2n21.tif,tejido_sofa
828,c2r2e2n42.tif,tejido_sofa
829,c2r2e2n38.tif,tejido_sofa
830,c2r2e2n12.tif,tejido_sofa
831,c2r2e2n6.tif,tejido_sofa
832,c2r2e2n40.tif,tejido_sofa
833,c2r2e2n50.tif,tejido_sofa
834,c2r2e2n48.tif,tejido_sofa
835,c2r2e2n34.tif,tejido_sofa
836,c2r2e2n24.tif,tejido_sofa
837,c2r2e2n20.tif,tejido_sofa
838,c2r2e2n18.tif,tejido_sofa
839,c2r2e2n46.tif,tejido_sofa
840,c2r2e2n30.tif,tejido_sofa
841,c2r2e2n1.tif,tejido_sofa
842,c2r2e2n29.tif,tejido_sofa
843,c2r2e2n28.tif,tejido_sofa
844,c2r2e2n43.tif,tejido_sofa
845,c2r2e2n39.tif,tejido_sofa
846,c2r2e2n8.tif,tejido_sofa
847,c2r2e2n19.tif,tejido_sofa
848,c2r2e2n36.tif,tejido_sofa
849,c2r2e0n36.tif,tejido_sofa
850,c2r2e0n46.tif,tejido_sofa
851,c2r2e0n10.tif,tejido_sofa
852,c2r2e0n18.tif,tejido_sofa
853,c2r2e0n50.tif,tejido_sofa
854,c2r2e0n28.tif,tejido_sofa
855,c2r2e0n3.tif,tejido_sofa
856,c2r2e0n1.tif,tejido_sofa
857,c2r2ref.tif,tejido_sofa
858,c2r2e0n34.tif,tejido_sofa
859,c2r2e0n7.tif,tejido_sofa
860,c2r2e0n32.tif,tejido_sofa
861,c2r2e0n20.tif,tejido_sofa
862,c2r2e0n39.tif,tejido_sofa
863,c2r2e0n24.tif,tejido_sofa
864,c2r2e0n35.tif,tejido_sofa
865,c2r2e0n19.tif,tejido_sofa
866,c2r2e0n9.tif,tejido_sofa
867,c2r2e0n29.tif,tejido_sofa
868,c2r2e0n13.tif,tejido_sofa
869,c2r2e0n4.tif,tejido_sofa
870,c2r2e0n21.tif,tejido_sofa
871,c2r2e0n22.tif,tejido_sofa
872,c2r2e0n5.tif,tejido_sofa
873,c2r2e0n45.tif,tejido_sofa
874,c2r2e0n23.tif,tejido_sofa
875,c2r2e0n8.tif,tejido_sofa
876,c2r2e0n17.tif,tejido_sofa
877,c2r2e0n16.tif,tejido_sofa
878,c2r2e0n6.tif,tejido_sofa
879,c2r2e0n14.tif,tejido_sofa
880,c2r2e0n42.tif,tejido_sofa
881,c2r2e0n40.tif,tejido_sofa
882,c2r2e0n2.tif,tejido_sofa
883,c2r2e0n44.tif,tejido_sofa
884,c2r2e0n26.tif,tejido_sofa
885,c2r2e0n49.tif,tejido_sofa
886,c2r2e0n31.tif,tejido_sofa
887,c2r2e0n43.tif,tejido_sofa
888,c2r2e0n41.tif,tejido_sofa
889,c2r2e0n37.tif,tejido_sofa
890,c2r2e0n15.tif,tejido_sofa
891,c2r2e0n33.tif,tejido_sofa
892,c2r2e0n27.tif,tejido_sofa
893,c2r2e0n47.tif,tejido_sofa
894,c2r2e0n48.tif,tejido_sofa
895,c2r2e0n38.tif,tejido_sofa
896,c2r2e0n12.tif,tejido_sofa
897,c2r2e0n30.tif,tejido_sofa
898,c2r2e0n25.tif,tejido_sofa
899,c2r2e0n11.tif,tejido_sofa
900,c2r2e4n29.tif,tejido_sofa
901,c2r2e4n36.tif,tejido_sofa
902,c2r2e4n38.tif,tejido_sofa
903,c2r2e4n33.tif,tejido_sofa
904,c2r2e4n22.tif,tejido_sofa
905,c2r2e4n50.tif,tejido_sofa
906,c2r2e4n1.tif,tejido_sofa
907,c2r2e4n45.tif,tejido_sofa
908,c2r2e4n23.tif,tejido_sofa
909,c2r2e4n41.tif,tejido_sofa
910,c2r2e4n17.tif,tejido_sofa
911,c2r2e4n19.tif,tejido_sofa
912,c2r2e4n2.tif,tejido_sofa
913,c2r2e4n12.tif,tejido_sofa
914,c2r2e4n6.tif,tejido_sofa
915,c2r2e4n7.tif,tejido_sofa
916,c2r2e4n28.tif,tejido_sofa
917,c2r2e4n31.tif,tejido_sofa
918,c2r2e4n46.tif,tejido_sofa
919,c2r2e4n49.tif,tejido_sofa
920,c2r2e4n25.tif,tejido_sofa
921,c2r2e4n30.tif,tejido_sofa
922,c2r2e4n35.tif,tejido_sofa
923,c2r2e4n26.tif,tejido_sofa
924,c2r2e4n8.tif,tejido_sofa
925,c2r2e4n10.tif,tejido_sofa
926,c2r2e4n4.tif,tejido_sofa
927,c2r2e4n13.tif,tejido_sofa
928,c2r2e4n11.tif,tejido_sofa
929,c2r2e4n3.tif,tejido_sofa
930,c2r2e4n24.tif,tejido_sofa
931,c2r2e4n15.tif,tejido_sofa
932,c2r2e4n40.tif,tejido_sofa
933,c2r2e4n27.tif,tejido_sofa
934,c2r2e4n39.tif,tejido_sofa
935,c2r2e4n21.tif,tejido_sofa
936,c2r2e4n9.tif,tejido_sofa
937,c2r2e4n16.tif,tejido_sofa
938,c2r2e4n44.tif,tejido_sofa
939,c2r2e4n18.tif,tejido_sofa
940,c2r2e4n20.tif,tejido_sofa
941,c2r2e4n14.tif,tejido_sofa
942,c2r2e4n47.tif,tejido_sofa
943,c2r2e4n32.tif,tejido_sofa
944,c2r2e4n37.tif,tejido_sofa
945,c2r2e4n34.tif,tejido_sofa
946,c2r2e4n48.tif,tejido_sofa
947,c2r2e4n5.tif,tejido_sofa
948,c2r2e7n33.tif,tejido_sofa
949,c2r2e7n45.tif,tejido_sofa
950,c2r2e7n48.tif,tejido_sofa
951,c2r2e7n2.tif,tejido_sofa
952,c2r2e7n29.tif,tejido_sofa
953,c2r2e7n27.tif,tejido_sofa
954,c2r2e7n30.tif,tejido_sofa
955,c2r2e7n1.tif,tejido_sofa
956,c2r2e7n13.tif,tejido_sofa
957,c2r2e7n4.tif,tejido_sofa
958,c2r2e7n44.tif,tejido_sofa
959,c2r2e7n35.tif,tejido_sofa
960,c2r2e7n36.tif,tejido_sofa
961,c2r2e7n47.tif,tejido_sofa
962,c2r2e7n10.tif,tejido_sofa
963,c2r2e7n9.tif,tejido_sofa
964,c2r2e7n16.tif,tejido_sofa
965,c2r2e7n50.tif,tejido_sofa
966,c2r2e7n23.tif,tejido_sofa
967,c2r2e7n12.tif,tejido_sofa
968,c2r2e7n17.tif,tejido_sofa
969,c2r2e7n11.tif,tejido_sofa
970,c2r2e7n7.tif,tejido_sofa
971,c2r2e7n15.tif,tejido_sofa
972,c2r2e7n39.tif,tejido_sofa
973,c2r2e7n42.tif,tejido_sofa
974,c2r2e7n18.tif,tejido_sofa
975,c2r2e7n26.tif,tejido_sofa
976,c2r2e7n22.tif,tejido_sofa
977,c2r2e7n43.tif,tejido_sofa
978,c2r2e7n34.tif,tejido_sofa
979,c2r2e7n37.tif,tejido_sofa
980,c2r2e7n19.tif,tejido_sofa
981,c2r2e7n6.tif,tejido_sofa
982,c2r2e7n41.tif,tejido_sofa
983,c2r2e7n28.tif,tejido_sofa
984,c2r2e7n25.tif,tejido_sofa
985,c2r2e7n40.tif,tejido_sofa
986,c2r2e7n31.tif,tejido_sofa
987,c2r2e7n38.tif,tejido_sofa
988,c2r2e7n14.tif,tejido_sofa
989,c2r2e7n20.tif,tejido_sofa
990,c2r2e7n5.tif,tejido_sofa
991,c2r2e7n3.tif,tejido_sofa
992,c2r2e7n32.tif,tejido_sofa
993,c2r2e7n46.tif,tejido_sofa
994,c2r2e7n8.tif,tejido_sofa
995,c2r2e7n24.tif,tejido_sofa
996,c2r2e7n49.tif,tejido_sofa
997,c2r2e7n21.tif,tejido_sofa
998,c2r2e1n49.tif,tejido_sofa
999,c2r2e1n12.tif,tejido_sofa
1000,c2r2e1n8.tif,tejido_sofa
1001,c2r2e1n5.tif,tejido_sofa
1002,c2r2e1n44.tif,tejido_sofa
1003,c2r2e1n27.tif,tejido_sofa
1004,c2r2e1n19.tif,tejido_sofa
1005,c2r2e1n32.tif,tejido_sofa
1006,c2r2e1n11.tif,tejido_sofa
1007,c2r2e1n3.tif,tejido_sofa
1008,c2r2e1n31.tif,tejido_sofa
1009,c2r2e1n28.tif,tejido_sofa
1010,c2r2e1n38.tif,tejido_sofa
1011,c2r2e1n47.tif,tejido_sofa
1012,c2r2e1n2.tif,tejido_sofa
1013,c2r2e1n26.tif,tejido_sofa
1014,c2r2e1n25.tif,tejido_sofa
1015,c2r2e1n20.tif,tejido_sofa
1016,c2r2e1n7.tif,tejido_sofa
1017,c2r2e1n37.tif,tejido_sofa
1018,c2r2e1n17.tif,tejido_sofa
1019,c2r2e1n24.tif,tejido_sofa
1020,c2r2e1n10.tif,tejido_sofa
1021,c2r2e1n50.tif,tejido_sofa
1022,c2r2e1n46.tif,tejido_sofa
1023,c2r2e1n39.tif,tejido_sofa
1024,c2r2e1n14.tif,tejido_sofa
1025,c2r2e1n23.tif,tejido_sofa
1026,c2r2e1n41.tif,tejido_sofa
1027,c2r2e1n33.tif,tejido_sofa
1028,c2r2e1n4.tif,tejido_sofa
1029,c2r2e1n16.tif,tejido_sofa
1030,c2r2e1n6.tif,tejido_sofa
1031,c2r2e1n1.tif,tejido_sofa
1032,c2r2e1n40.tif,tejido_sofa
1033,c2r2e1n21.tif,tejido_sofa
1034,c2r2e1n15.tif,tejido_sofa
1035,c2r2e1n43.tif,tejido_sofa
1036,c2r2e1n29.tif,tejido_sofa
1037,c2r2e1n13.tif,tejido_sofa
1038,c2r2e1n35.tif,tejido_sofa
1039,c2r2e1n22.tif,tejido_sofa
1040,c2r2e1n48.tif,tejido_sofa
1041,c2r2e1n42.tif,tejido_sofa
1042,c2r2e1n30.tif,tejido_sofa
1043,c2r2e1n18.tif,tejido_sofa
1044,c2r2e1n34.tif,tejido_sofa
1045,c2r2e1n9.tif,tejido_sofa
1046,c2r2e1n45.tif,tejido_sofa
1047,c2r2e1n36.tif,tejido_sofa
1048,c2r2e6n6.tif,tejido_sofa
1049,c2r2e6n35.tif,tejido_sofa
1050,c2r2e6n49.tif,tejido_sofa
1051,c2r2e6n13.tif,tejido_sofa
1052,c2r2e6n33.tif,tejido_sofa
1053,c2r2e6n2.tif,tejido_sofa
1054,c2r2e6n32.tif,tejido_sofa
1055,c2r2e6n48.tif,tejido_sofa
1056,c2r2e6n36.tif,tejido_sofa
1057,c2r2e6n34.tif,tejido_sofa
1058,c2r2e6n8.tif,tejido_sofa
1059,c2r2e6n23.tif,tejido_sofa
1060,c2r2e6n39.tif,tejido_sofa
1061,c2r2e6n4.tif,tejido_sofa
1062,c2r2e6n16.tif,tejido_sofa
1063,c2r2e6n40.tif,tejido_sofa
1064,c2r2e6n29.tif,tejido_sofa
1065,c2r2e6n9.tif,tejido_sofa
1066,c2r2e6n46.tif,tejido_sofa
1067,c2r2e6n5.tif,tejido_sofa
1068,c2r2e6n31.tif,tejido_sofa
1069,c2r2e6n18.tif,tejido_sofa
1070,c2r2e6n15.tif,tejido_sofa
1071,c2r2e6n14.tif,tejido_sofa
1072,c2r2e6n50.tif,tejido_sofa
1073,c2r2e6n37.tif,tejido_sofa
1074,c2r2e6n24.tif,tejido_sofa
1075,c2r2e6n27.tif,tejido_sofa
1076,c2r2e6n47.tif,tejido_sofa
1077,c2r2e6n45.tif,tejido_sofa
1078,c2r2e6n30.tif,tejido_sofa
1079,c2r2e6n22.tif,tejido_sofa
1080,c2r2e6n43.tif,tejido_sofa
1081,c2r2e6n1.tif,tejido_sofa
1082,c2r2e6n3.tif,tejido_sofa
1083,c2r2e6n28.tif,tejido_sofa
1084,c2r2e6n12.tif,tejido_sofa
1085,c2r2e6n17.tif,tejido_sofa
1086,c2r2e6n26.tif,tejido_sofa
1087,c2r2e6n19.tif,tejido_sofa
1088,c2r2e6n25.tif,tejido_sofa
1089,c2r2e6n44.tif,tejido_sofa
1090,c2r2e6n20.tif,tejido_sofa
1091,c2r2e6n10.tif,tejido_sofa
1092,c2r2e6n21.tif,tejido_sofa
1093,c2r2e6n41.tif,tejido_sofa
1094,c2r2e6n38.tif,tejido_sofa
1095,c2r2e6n11.tif,tejido_sofa
1096,c2r2e6n7.tif,tejido_sofa
1097,c2r2e6n42.tif,tejido_sofa
1098,c2r2e3n31.tif,tejido_sofa
1099,c2r2e3n42.tif,tejido_sofa
1100,c2r2e3n35.tif,tejido_sofa
1101,c2r2e3n7.tif,tejido_sofa
1102,c2r2e3n32.tif,tejido_sofa
1103,c2r2e3n2.tif,tejido_sofa
1104,c2r2e3n18.tif,tejido_sofa
1105,c2r2e3n5.tif,tejido_sofa
1106,c2r2e3n16.tif,tejido_sofa
1107,c2r2e3n11.tif,tejido_sofa
1108,c2r2e3n41.tif,tejido_sofa
1109,c2r2e3n46.tif,tejido_sofa
1110,c2r2e3n24.tif,tejido_sofa
1111,c2r2e3n10.tif,tejido_sofa
1112,c2r2e3n4.tif,tejido_sofa
1113,c2r2e3n3.tif,tejido_sofa
1114,c2r2e3n43.tif,tejido_sofa
1115,c2r2e3n49.tif,tejido_sofa
1116,c2r2e3n40.tif,tejido_sofa
1117,c2r2e3n21.tif,tejido_sofa
1118,c2r2e3n17.tif,tejido_sofa
1119,c2r2e3n1.tif,tejido_sofa
1120,c2r2e3n39.tif,tejido_sofa
1121,c2r2e3n6.tif,tejido_sofa
1122,c2r2e3n26.tif,tejido_sofa
1123,c2r2e3n27.tif,tejido_sofa
1124,c2r2e3n47.tif,tejido_sofa
1125,c2r2e3n12.tif,tejido_sofa
1126,c2r2e3n19.tif,tejido_sofa
1127,c2r2e3n29.tif,tejido_sofa
1128,c2r2e3n13.tif,tejido_sofa
1129,c2r2e3n30.tif,tejido_sofa
1130,c2r2e3n44.tif,tejido_sofa
1131,c2r2e3n50.tif,tejido_sofa
1132,c2r2e3n20.tif,tejido_sofa
1133,c2r2e3n36.tif,tejido_sofa
1134,c2r2e3n48.tif,tejido_sofa
1135,c2r2e3n33.tif,tejido_sofa
1136,c2r2e3n8.tif,tejido_sofa
1137,c2r2e3n22.tif,tejido_sofa
1138,c2r2e3n9.tif,tejido_sofa
1139,c2r2e3n14.tif,tejido_sofa
1140,c2r2e3n25.tif,tejido_sofa
1141,c2r2e3n28.tif,tejido_sofa
1142,c2r2e3n45.tif,tejido_sofa
1143,c2r2e3n34.tif,tejido_sofa
1144,c2r2e3n38.tif,tejido_sofa
1145,c2r2e3n15.tif,tejido_sofa
1146,c2r2e3n23.tif,tejido_sofa
1147,c2r2e3n37.tif,tejido_sofa
1148,c2r2e5n43.tif,tejido_sofa
1149,c2r2e5n22.tif,tejido_sofa
1150,c2r2e5n20.tif,tejido_sofa
1151,c2r2e5n9.tif,tejido_sofa
1152,c2r2e5n44.tif,tejido_sofa
1153,c2r2e5n8.tif,tejido_sofa
1154,c2r2e5n48.tif,tejido_sofa
1155,c2r2e5n49.tif,tejido_sofa
1156,c2r2e5n38.tif,tejido_sofa
1157,c2r2e5n15.tif,tejido_sofa
1158,c2r2e5n28.tif,tejido_sofa
1159,c2r2e5n24.tif,tejido_sofa
1160,c2r2e5n33.tif,tejido_sofa
1161,c2r2e5n12.tif,tejido_sofa
1162,c2r2e5n6.tif,tejido_sofa
1163,c2r2e5n36.tif,tejido_sofa
1164,c2r2e5n3.tif,tejido_sofa
1165,c2r2e5n7.tif,tejido_sofa
1166,c2r2e5n4.tif,tejido_sofa
1167,c2r2e5n40.tif,tejido_sofa
1168,c2r2e5n32.tif,tejido_sofa
1169,c2r2e5n11.tif,tejido_sofa
1170,c2r2e5n30.tif,tejido_sofa
1171,c2r2e5n37.tif,tejido_sofa
1172,c2r2e5n50.tif,tejido_sofa
1173,c2r2e5n5.tif,tejido_sofa
1174,c2r2e5n29.tif,tejido_sofa
1175,c2r2e5n26.tif,tejido_sofa
1176,c2r2e5n47.tif,tejido_sofa
1177,c2r2e5n1.tif,tejido_sofa
1178,c2r2e5n46.tif,tejido_sofa
1179,c2r2e5n42.tif,tejido_sofa
1180,c2r2e5n13.tif,tejido_sofa
1181,c2r2e5n34.tif,tejido_sofa
1182,c2r2e5n41.tif,tejido_sofa
1183,c2r2e5n10.tif,tejido_sofa
1184,c2r2e5n2.tif,tejido_sofa
1185,c2r2e5n25.tif,tejido_sofa
1186,c2r2e5n45.tif,tejido_sofa
1187,c2r2e5n23.tif,tejido_sofa
1188,c2r2e5n18.tif,tejido_sofa
1189,c2r2e5n35.tif,tejido_sofa
1190,c2r2e5n31.tif,tejido_sofa
1191,c2r2e5n19.tif,tejido_sofa
1192,c2r2e5n27.tif,tejido_sofa
1193,c2r2e5n39.tif,tejido_sofa
1194,c2r2e5n14.tif,tejido_sofa
1195,c2r2e5n17.tif,tejido_sofa
1196,c2r2e5n16.tif,tejido_sofa
1197,c2r2e5n21.tif,tejido_sofa
1198,c2r3e2n7.tif,mimbre
1199,c2r3e2n31.tif,mimbre
1200,c2r3e2n28.tif,mimbre
1201,c2r3e2n1.tif,mimbre
1202,c2r3e2n32.tif,mimbre
1203,c2r3e2n39.tif,mimbre
1204,c2r3e2n19.tif,mimbre
1205,c2r3e2n48.tif,mimbre
1206,c2r3e2n37.tif,mimbre
1207,c2r3e2n38.tif,mimbre
1208,c2r3e2n40.tif,mimbre
1209,c2r3e2n43.tif,mimbre
1210,c2r3e2n44.tif,mimbre
1211,c2r3e2n18.tif,mimbre
1212,c2r3e2n22.tif,mimbre
1213,c2r3e2n30.tif,mimbre
1214,c2r3e2n14.tif,mimbre
1215,c2r3e2n45.tif,mimbre
1216,c2r3e2n11.tif,mimbre
1217,c2r3e2n10.tif,mimbre
1218,c2r3e2n23.tif,mimbre
1219,c2r3e2n33.tif,mimbre
1220,c2r3e2n49.tif,mimbre
1221,c2r3e2n27.tif,mimbre
1222,c2r3e2n4.tif,mimbre
1223,c2r3e2n5.tif,mimbre
1224,c2r3e2n20.tif,mimbre
1225,c2r3e2n50.tif,mimbre
1226,c2r3e2n25.tif,mimbre
1227,c2r3e2n17.tif,mimbre
1228,c2r3e2n9.tif,mimbre
1229,c2r3e2n12.tif,mimbre
1230,c2r3e2n46.tif,mimbre
1231,c2r3e2n2.tif,mimbre
1232,c2r3e2n24.tif,mimbre
1233,c2r3e2n13.tif,mimbre
1234,c2r3e2n47.tif,mimbre
1235,c2r3e2n8.tif,mimbre
1236,c2r3e2n21.tif,mimbre
1237,c2r3e2n15.tif,mimbre
1238,c2r3e2n26.tif,mimbre
1239,c2r3e2n35.tif,mimbre
1240,c2r3e2n3.tif,mimbre
1241,c2r3e2n29.tif,mimbre
1242,c2r3e2n36.tif,mimbre
1243,c2r3e2n16.tif,mimbre
1244,c2r3e2n6.tif,mimbre
1245,c2r3e2n41.tif,mimbre
1246,c2r3e2n34.tif,mimbre
1247,c2r3e0n1.tif,mimbre
1248,c2r3e0n41.tif,mimbre
1249,c2r3e0n35.tif,mimbre
1250,c2r3e0n45.tif,mimbre
1251,c2r3e0n7.tif,mimbre
1252,c2r3e0n10.tif,mimbre
1253,c2r3e0n43.tif,mimbre
1254,c2r3e0n15.tif,mimbre
1255,c2r3e0n31.tif,mimbre
1256,c2r3e0n14.tif,mimbre
1257,c2r3e0n32.tif,mimbre
1258,c2r3e0n47.tif,mimbre
1259,c2r3e0n9.tif,mimbre
1260,c2r3e0n3.tif,mimbre
1261,c2r3e0n25.tif,mimbre
1262,c2r3e0n39.tif,mimbre
1263,c2r3e0n17.tif,mimbre
1264,c2r3e0n6.tif,mimbre
1265,c2r3e0n8.tif,mimbre
1266,c2r3e0n21.tif,mimbre
1267,c2r3e0n44.tif,mimbre
1268,c2r3e0n29.tif,mimbre
1269,c2r3e0n20.tif,mimbre
1270,c2r3e0n5.tif,mimbre
1271,c2r3e0n42.tif,mimbre
1272,c2r3e0n24.tif,mimbre
1273,c2r3e0n37.tif,mimbre
1274,c2r3e0n49.tif,mimbre
1275,c2r3e0n48.tif,mimbre
1276,c2r3e0n33.tif,mimbre
1277,c2r3ref.tif,mimbre
1278,c2r3e0n19.tif,mimbre
1279,c2r3e0n11.tif,mimbre
1280,c2r3e0n26.tif,mimbre
1281,c2r3e0n12.tif,mimbre
1282,c2r3e0n27.tif,mimbre
1283,c2r3e0n4.tif,mimbre
1284,c2r3e0n36.tif,mimbre
1285,c2r3e0n40.tif,mimbre
1286,c2r3e0n13.tif,mimbre
1287,c2r3e0n2.tif,mimbre
1288,c2r3e0n30.tif,mimbre
1289,c2r3e0n18.tif,mimbre
1290,c2r3e0n34.tif,mimbre
1291,c2r3e0n50.tif,mimbre
1292,c2r3e0n28.tif,mimbre
1293,c2r3e0n46.tif,mimbre
1294,c2r3e0n16.tif,mimbre
1295,c2r3e0n22.tif,mimbre
1296,c2r3e0n38.tif,mimbre
1297,c2r3e0n23.tif,mimbre
1298,c2r3e4n24.tif,mimbre
1299,c2r3e4n48.tif,mimbre
1300,c2r3e4n10.tif,mimbre
1301,c2r3e4n6.tif,mimbre
1302,c2r3e4n2.tif,mimbre
1303,c2r3e4n20.tif,mimbre
1304,c2r3e4n47.tif,mimbre
1305,c2r3e4n35.tif,mimbre
1306,c2r3e4n21.tif,mimbre
1307,c2r3e4n46.tif,mimbre
1308,c2r3e4n18.tif,mimbre
1309,c2r3e4n9.tif,mimbre
1310,c2r3e4n36.tif,mimbre
1311,c2r3e4n28.tif,mimbre
1312,c2r3e4n37.tif,mimbre
1313,c2r3e4n34.tif,mimbre
1314,c2r3e4n40.tif,mimbre
1315,c2r3e4n12.tif,mimbre
1316,c2r3e4n1.tif,mimbre
1317,c2r3e4n45.tif,mimbre
1318,c2r3e4n8.tif,mimbre
1319,c2r3e4n17.tif,mimbre
1320,c2r3e4n31.tif,mimbre
1321,c2r3e4n43.tif,mimbre
1322,c2r3e4n25.tif,mimbre
1323,c2r3e4n3.tif,mimbre
1324,c2r3e4n50.tif,mimbre
1325,c2r3e4n22.tif,mimbre
1326,c2r3e4n13.tif,mimbre
1327,c2r3e4n26.tif,mimbre
1328,c2r3e4n4.tif,mimbre
1329,c2r3e4n38.tif,mimbre
1330,c2r3e4n16.tif,mimbre
1331,c2r3e4n33.tif,mimbre
1332,c2r3e4n7.tif,mimbre
1333,c2r3e4n23.tif,mimbre
1334,c2r3e4n15.tif,mimbre
1335,c2r3e4n14.tif,mimbre
1336,c2r3e4n41.tif,mimbre
1337,c2r3e4n30.tif,mimbre
1338,c2r3e4n5.tif,mimbre
1339,c2r3e4n19.tif,mimbre
1340,c2r3e4n29.tif,mimbre
1341,c2r3e4n44.tif,mimbre
1342,c2r3e4n11.tif,mimbre
1343,c2r3e4n32.tif,mimbre
1344,c2r3e4n49.tif,mimbre
1345,c2r3e4n42.tif,mimbre
1346,c2r3e4n27.tif,mimbre
1347,c2r3e4n39.tif,mimbre
1348,c2r3e7n39.tif,mimbre
1349,c2r3e7n50.tif,mimbre
1350,c2r3e7n22.tif,mimbre
1351,c2r3e7n38.tif,mimbre
1352,c2r3e7n33.tif,mimbre
1353,c2r3e7n32.tif,mimbre
1354,c2r3e7n1.tif,mimbre
1355,c2r3e7n3.tif,mimbre
1356,c2r3e7n12.tif,mimbre
1357,c2r3e7n11.tif,mimbre
1358,c2r3e7n37.tif,mimbre
1359,c2r3e7n49.tif,mimbre
1360,c2r3e7n7.tif,mimbre
1361,c2r3e7n29.tif,mimbre
1362,c2r3e7n48.tif,mimbre
1363,c2r3e7n26.tif,mimbre
1364,c2r3e7n16.tif,mimbre
1365,c2r3e7n2.tif,mimbre
1366,c2r3e7n47.tif,mimbre
1367,c2r3e7n18.tif,mimbre
1368,c2r3e7n9.tif,mimbre
1369,c2r3e7n19.tif,mimbre
1370,c2r3e7n15.tif,mimbre
1371,c2r3e7n34.tif,mimbre
1372,c2r3e7n42.tif,mimbre
1373,c2r3e7n30.tif,mimbre
1374,c2r3e7n5.tif,mimbre
1375,c2r3e7n27.tif,mimbre
1376,c2r3e7n4.tif,mimbre
1377,c2r3e7n20.tif,mimbre
1378,c2r3e7n17.tif,mimbre
1379,c2r3e7n36.tif,mimbre
1380,c2r3e7n45.tif,mimbre
1381,c2r3e7n25.tif,mimbre
1382,c2r3e7n31.tif,mimbre
1383,c2r3e7n21.tif,mimbre
1384,c2r3e7n40.tif,mimbre
1385,c2r3e7n43.tif,mimbre
1386,c2r3e7n6.tif,mimbre
1387,c2r3e7n35.tif,mimbre
1388,c2r3e7n13.tif,mimbre
1389,c2r3e7n44.tif,mimbre
1390,c2r3e7n10.tif,mimbre
1391,c2r3e7n8.tif,mimbre
1392,c2r3e7n23.tif,mimbre
1393,c2r3e7n24.tif,mimbre
1394,c2r3e7n14.tif,mimbre
1395,c2r3e7n28.tif,mimbre
1396,c2r3e7n46.tif,mimbre
1397,c2r3e7n41.tif,mimbre
1398,c2r3e1n14.tif,mimbre
1399,c2r3e1n21.tif,mimbre
1400,c2r3e1n23.tif,mimbre
1401,c2r3e1n45.tif,mimbre
1402,c2r3e1n11.tif,mimbre
1403,c2r3e1n9.tif,mimbre
1404,c2r3e1n2.tif,mimbre
1405,c2r3e1n41.tif,mimbre
1406,c2r3e1n26.tif,mimbre
1407,c2r3e1n43.tif,mimbre
1408,c2r3e1n48.tif,mimbre
1409,c2r3e1n24.tif,mimbre
1410,c2r3e1n17.tif,mimbre
1411,c2r3e1n5.tif,mimbre
1412,c2r3e1n36.tif,mimbre
1413,c2r3e1n38.tif,mimbre
1414,c2r3e1n7.tif,mimbre
1415,c2r3e1n25.tif,mimbre
1416,c2r3e1n34.tif,mimbre
1417,c2r3e1n37.tif,mimbre
1418,c2r3e1n19.tif,mimbre
1419,c2r3e1n50.tif,mimbre
1420,c2r3e1n16.tif,mimbre
1421,c2r3e1n12.tif,mimbre
1422,c2r3e1n1.tif,mimbre
1423,c2r3e1n33.tif,mimbre
1424,c2r3e1n29.tif,mimbre
1425,c2r3e1n40.tif,mimbre
1426,c2r3e1n28.tif,mimbre
1427,c2r3e1n22.tif,mimbre
1428,c2r3e1n15.tif,mimbre
1429,c2r3e1n32.tif,mimbre
1430,c2r3e1n46.tif,mimbre
1431,c2r3e1n47.tif,mimbre
1432,c2r3e1n35.tif,mimbre
1433,c2r3e1n10.tif,mimbre
1434,c2r3e1n13.tif,mimbre
1435,c2r3e1n44.tif,mimbre
1436,c2r3e1n30.tif,mimbre
1437,c2r3e1n27.tif,mimbre
1438,c2r3e1n42.tif,mimbre
1439,c2r3e1n49.tif,mimbre
1440,c2r3e1n18.tif,mimbre
1441,c2r3e1n6.tif,mimbre
1442,c2r3e1n4.tif,mimbre
1443,c2r3e1n20.tif,mimbre
1444,c2r3e1n39.tif,mimbre
1445,c2r3e1n8.tif,mimbre
1446,c2r3e1n31.tif,mimbre
1447,c2r3e1n3.tif,mimbre
1448,c2r3e6n3.tif,mimbre
1449,c2r3e6n17.tif,mimbre
1450,c2r3e6n6.tif,mimbre
1451,c2r3e6n12.tif,mimbre
1452,c2r3e6n18.tif,mimbre
1453,c2r3e6n30.tif,mimbre
1454,c2r3e6n34.tif,mimbre
1455,c2r3e6n48.tif,mimbre
1456,c2r3e6n45.tif,mimbre
1457,c2r3e6n13.tif,mimbre
1458,c2r3e6n22.tif,mimbre
1459,c2r3e6n5.tif,mimbre
1460,c2r3e6n40.tif,mimbre
1461,c2r3e6n33.tif,mimbre
1462,c2r3e6n7.tif,mimbre
1463,c2r3e6n21.tif,mimbre
1464,c2r3e6n8.tif,mimbre
1465,c2r3e6n2.tif,mimbre
1466,c2r3e6n9.tif,mimbre
1467,c2r3e6n15.tif,mimbre
1468,c2r3e6n46.tif,mimbre
1469,c2r3e6n29.tif,mimbre
1470,c2r3e6n27.tif,mimbre
1471,c2r3e6n19.tif,mimbre
1472,c2r3e6n11.tif,mimbre
1473,c2r3e6n25.tif,mimbre
1474,c2r3e6n14.tif,mimbre
1475,c2r3e6n43.tif,mimbre
1476,c2r3e6n50.tif,mimbre
1477,c2r3e6n47.tif,mimbre
1478,c2r3e6n1.tif,mimbre
1479,c2r3e6n42.tif,mimbre
1480,c2r3e6n31.tif,mimbre
1481,c2r3e6n28.tif,mimbre
1482,c2r3e6n49.tif,mimbre
1483,c2r3e6n10.tif,mimbre
1484,c2r3e6n41.tif,mimbre
1485,c2r3e6n24.tif,mimbre
1486,c2r3e6n38.tif,mimbre
1487,c2r3e6n44.tif,mimbre
1488,c2r3e6n37.tif,mimbre
1489,c2r3e6n39.tif,mimbre
1490,c2r3e6n26.tif,mimbre
1491,c2r3e6n35.tif,mimbre
1492,c2r3e6n4.tif,mimbre
1493,c2r3e6n16.tif,mimbre
1494,c2r3e6n36.tif,mimbre
1495,c2r3e6n23.tif,mimbre
1496,c2r3e6n20.tif,mimbre
1497,c2r3e6n32.tif,mimbre
1498,c2r3e3n37.tif,mimbre
1499,c2r3e3n35.tif,mimbre
1500,c2r3e3n39.tif,mimbre
1501,c2r3e3n46.tif,mimbre
1502,c2r3e3n2.tif,mimbre
1503,c2r3e3n27.tif,mimbre
1504,c2r3e3n33.tif,mimbre
1505,c2r3e3n4.tif,mimbre
1506,c2r3e3n49.tif,mimbre
1507,c2r3e3n40.tif,mimbre
1508,c2r3e3n8.tif,mimbre
1509,c2r3e3n1.tif,mimbre
1510,c2r3e3n20.tif,mimbre
1511,c2r3e3n50.tif,mimbre
1512,c2r3e3n22.tif,mimbre
1513,c2r3e3n48.tif,mimbre
1514,c2r3e3n25.tif,mimbre
1515,c2r3e3n41.tif,mimbre
1516,c2r3e3n34.tif,mimbre
1517,c2r3e3n28.tif,mimbre
1518,c2r3e3n32.tif,mimbre
1519,c2r3e3n29.tif,mimbre
1520,c2r3e3n17.tif,mimbre
1521,c2r3e3n11.tif,mimbre
1522,c2r3e3n10.tif,mimbre
1523,c2r3e3n36.tif,mimbre
1524,c2r3e3n42.tif,mimbre
1525,c2r3e3n30.tif,mimbre
1526,c2r3e3n24.tif,mimbre
1527,c2r3e3n31.tif,mimbre
1528,c2r3e3n13.tif,mimbre
1529,c2r3e3n3.tif,mimbre
1530,c2r3e3n47.tif,mimbre
1531,c2r3e3n44.tif,mimbre
1532,c2r3e3n7.tif,mimbre
1533,c2r3e3n6.tif,mimbre
1534,c2r3e3n16.tif,mimbre
1535,c2r3e3n5.tif,mimbre
1536,c2r3e3n18.tif,mimbre
1537,c2r3e3n23.tif,mimbre
1538,c2r3e3n38.tif,mimbre
1539,c2r3e3n14.tif,mimbre
1540,c2r3e3n43.tif,mimbre
1541,c2r3e3n26.tif,mimbre
1542,c2r3e3n45.tif,mimbre
1543,c2r3e3n12.tif,mimbre
1544,c2r3e3n21.tif,mimbre
1545,c2r3e3n15.tif,mimbre
1546,c2r3e3n9.tif,mimbre
1547,c2r3e3n19.tif,mimbre
1548,c2r3e5n32.tif,mimbre
1549,c2r3e5n16.tif,mimbre
1550,c2r3e5n12.tif,mimbre
1551,c2r3e5n23.tif,mimbre
1552,c2r3e5n47.tif,mimbre
1553,c2r3e5n28.tif,mimbre
1554,c2r3e5n2.tif,mimbre
1555,c2r3e5n19.tif,mimbre
1556,c2r3e5n26.tif,mimbre
1557,c2r3e5n18.tif,mimbre
1558,c2r3e5n43.tif,mimbre
1559,c2r3e5n1.tif,mimbre
1560,c2r3e5n24.tif,mimbre
1561,c2r3e5n11.tif,mimbre
1562,c2r3e5n17.tif,mimbre
1563,c2r3e5n36.tif,mimbre
1564,c2r3e5n49.tif,mimbre
1565,c2r3e5n50.tif,mimbre
1566,c2r3e5n42.tif,mimbre
1567,c2r3e5n22.tif,mimbre
1568,c2r3e5n4.tif,mimbre
1569,c2r3e5n46.tif,mimbre
1570,c2r3e5n33.tif,mimbre
1571,c2r3e5n8.tif,mimbre
1572,c2r3e5n41.tif,mimbre
1573,c2r3e5n13.tif,mimbre
1574,c2r3e5n39.tif,mimbre
1575,c2r3e5n44.tif,mimbre
1576,c2r3e5n48.tif,mimbre
1577,c2r3e5n37.tif,mimbre
1578,c2r3e5n45.tif,mimbre
1579,c2r3e5n3.tif,mimbre
1580,c2r3e5n20.tif,mimbre
1581,c2r3e5n15.tif,mimbre
1582,c2r3e5n7.tif,mimbre
1583,c2r3e5n40.tif,mimbre
1584,c2r3e5n38.tif,mimbre
1585,c2r3e5n31.tif,mimbre
1586,c2r3e5n29.tif,mimbre
1587,c2r3e5n35.tif,mimbre
1588,c2r3e5n14.tif,mimbre
1589,c2r3e5n30.tif,mimbre
1590,c2r3e5n5.tif,mimbre
1591,c2r3e5n21.tif,mimbre
1592,c2r3e5n10.tif,mimbre
1593,c2r3e5n9.tif,mimbre
1594,c2r3e5n27.tif,mimbre
1595,c2r3e5n6.tif,mimbre
1596,c2r3e5n25.tif,mimbre
1597,c2r3e5n34.tif,mimbre
1598,c3r1e2n47.tif,cuadros
1599,c3r1e2n3.tif,cuadros
1600,c3r1e2n15.tif,cuadros
1601,c3r1e2n8.tif,cuadros
1602,c3r1e2n40.tif,cuadros
1603,c3r1e2n46.tif,cuadros
1604,c3r1e2n22.tif,cuadros
1605,c3r1e2n23.tif,cuadros
1606,c3r1e2n41.tif,cuadros
1607,c3r1e2n11.tif,cuadros
1608,c3r1e2n14.tif,cuadros
1609,c3r1e2n29.tif,cuadros
1610,c3r1e2n16.tif,cuadros
1611,c3r1e2n2.tif,cuadros
1612,c3r1e2n50.tif,cuadros
1613,c3r1e2n6.tif,cuadros
1614,c3r1e2n19.tif,cuadros
1615,c3r1e2n31.tif,cuadros
1616,c3r1e2n45.tif,cuadros
1617,c3r1e2n17.tif,cuadros
1618,c3r1e2n21.tif,cuadros
1619,c3r1e2n13.tif,cuadros
1620,c3r1e2n25.tif,cuadros
1621,c3r1e2n34.tif,cuadros
1622,c3r1e2n30.tif,cuadros
1623,c3r1e2n32.tif,cuadros
1624,c3r1e2n33.tif,cuadros
1625,c3r1e2n4.tif,cuadros
1626,c3r1e2n42.tif,cuadros
1627,c3r1e2n9.tif,cuadros
1628,c3r1e2n20.tif,cuadros
1629,c3r1e2n28.tif,cuadros
1630,c3r1e2n44.tif,cuadros
1631,c3r1e2n26.tif,cuadros
1632,c3r1e2n12.tif,cuadros
1633,c3r1e2n5.tif,cuadros
1634,c3r1e2n24.tif,cuadros
1635,c3r1e2n27.tif,cuadros
1636,c3r1e2n18.tif,cuadros
1637,c3r1e2n39.tif,cuadros
1638,c3r1e2n36.tif,cuadros
1639,c3r1e2n38.tif,cuadros
1640,c3r1e2n43.tif,cuadros
1641,c3r1e2n49.tif,cuadros
1642,c3r1e2n48.tif,cuadros
1643,c3r1e2n7.tif,cuadros
1644,c3r1e2n35.tif,cuadros
1645,c3r1e2n1.tif,cuadros
1646,c3r1e2n10.tif,cuadros
1647,c3r1e2n37.tif,cuadros
1648,c3r1e0n9.tif,cuadros
1649,c3r1e0n12.tif,cuadros
1650,c3r1e0n30.tif,cuadros
1651,c3r1e0n3.tif,cuadros
1652,c3r1e0n38.tif,cuadros
1653,c3r1e0n25.tif,cuadros
1654,c3r1e0n39.tif,cuadros
1655,c3r1e0n27.tif,cuadros
1656,c3r1e0n17.tif,cuadros
1657,c3r1e0n35.tif,cuadros
1658,c3r1e0n1.tif,cuadros
1659,c3r1e0n2.tif,cuadros
1660,c3r1e0n14.tif,cuadros
1661,c3r1e0n44.tif,cuadros
1662,c3r1e0n15.tif,cuadros
1663,c3r1e0n29.tif,cuadros
1664,c3r1ref.tif,cuadros
1665,c3r1e0n50.tif,cuadros
1666,c3r1e0n40.tif,cuadros
1667,c3r1e0n23.tif,cuadros
1668,c3r1e0n47.tif,cuadros
1669,c3r1e0n13.tif,cuadros
1670,c3r1e0n22.tif,cuadros
1671,c3r1e0n10.tif,cuadros
1672,c3r1e0n28.tif,cuadros
1673,c3r1e0n8.tif,cuadros
1674,c3r1e0n46.tif,cuadros
1675,c3r1e0n19.tif,cuadros
1676,c3r1e0n49.tif,cuadros
1677,c3r1e0n42.tif,cuadros
1678,c3r1e0n20.tif,cuadros
1679,c3r1e0n7.tif,cuadros
1680,c3r1e0n16.tif,cuadros
1681,c3r1e0n32.tif,cuadros
1682,c3r1e0n5.tif,cuadros
1683,c3r1e0n11.tif,cuadros
1684,c3r1e0n48.tif,cuadros
1685,c3r1e0n6.tif,cuadros
1686,c3r1e0n36.tif,cuadros
1687,c3r1e0n37.tif,cuadros
1688,c3r1e0n31.tif,cuadros
1689,c3r1e0n43.tif,cuadros
1690,c3r1e0n24.tif,cuadros
1691,c3r1e0n41.tif,cuadros
1692,c3r1e0n45.tif,cuadros
1693,c3r1e0n33.tif,cuadros
1694,c3r1e0n18.tif,cuadros
1695,c3r1e0n26.tif,cuadros
1696,c3r1e0n34.tif,cuadros
1697,c3r1e0n4.tif,cuadros
1698,c3r1e0n21.tif,cuadros
1699,c3r1e4n42.tif,cuadros
1700,c3r1e4n36.tif,cuadros
1701,c3r1e4n29.tif,cuadros
1702,c3r1e4n23.tif,cuadros
1703,c3r1e4n49.tif,cuadros
1704,c3r1e4n6.tif,cuadros
1705,c3r1e4n5.tif,cuadros
1706,c3r1e4n46.tif,cuadros
1707,c3r1e4n48.tif,cuadros
1708,c3r1e4n27.tif,cuadros
1709,c3r1e4n47.tif,cuadros
1710,c3r1e4n33.tif,cuadros
1711,c3r1e4n32.tif,cuadros
1712,c3r1e4n13.tif,cuadros
1713,c3r1e4n19.tif,cuadros
1714,c3r1e4n39.tif,cuadros
1715,c3r1e4n37.tif,cuadros
1716,c3r1e4n11.tif,cuadros
1717,c3r1e4n22.tif,cuadros
1718,c3r1e4n7.tif,cuadros
1719,c3r1e4n43.tif,cuadros
1720,c3r1e4n8.tif,cuadros
1721,c3r1e4n41.tif,cuadros
1722,c3r1e4n45.tif,cuadros
1723,c3r1e4n12.tif,cuadros
1724,c3r1e4n30.tif,cuadros
1725,c3r1e4n17.tif,cuadros
1726,c3r1e4n35.tif,cuadros
1727,c3r1e4n28.tif,cuadros
1728,c3r1e4n31.tif,cuadros
1729,c3r1e4n38.tif,cuadros
1730,c3r1e4n50.tif,cuadros
1731,c3r1e4n2.tif,cuadros
1732,c3r1e4n34.tif,cuadros
1733,c3r1e4n40.tif,cuadros
1734,c3r1e4n9.tif,cuadros
1735,c3r1e4n24.tif,cuadros
1736,c3r1e4n20.tif,cuadros
1737,c3r1e4n25.tif,cuadros
1738,c3r1e4n1.tif,cuadros
1739,c3r1e4n44.tif,cuadros
1740,c3r1e4n3.tif,cuadros
1741,c3r1e4n18.tif,cuadros
1742,c3r1e4n4.tif,cuadros
1743,c3r1e4n16.tif,cuadros
1744,c3r1e4n26.tif,cuadros
1745,c3r1e4n14.tif,cuadros
1746,c3r1e4n10.tif,cuadros
1747,c3r1e4n15.tif,cuadros
1748,c3r1e4n21.tif,cuadros
1749,c3r1e7n16.tif,cuadros
1750,c3r1e7n2.tif,cuadros
1751,c3r1e7n50.tif,cuadros
1752,c3r1e7n13.tif,cuadros
1753,c3r1e7n14.tif,cuadros
1754,c3r1e7n35.tif,cuadros
1755,c3r1e7n38.tif,cuadros
1756,c3r1e7n31.tif,cuadros
1757,c3r1e7n19.tif,cuadros
1758,c3r1e7n44.tif,cuadros
1759,c3r1e7n26.tif,cuadros
1760,c3r1e7n23.tif,cuadros
1761,c3r1e7n46.tif,cuadros
1762,c3r1e7n40.tif,cuadros
1763,c3r1e7n5.tif,cuadros
1764,c3r1e7n43.tif,cuadros
1765,c3r1e7n3.tif,cuadros
1766,c3r1e7n1.tif,cuadros
1767,c3r1e7n10.tif,cuadros
1768,c3r1e7n29.tif,cuadros
1769,c3r1e7n41.tif,cuadros
1770,c3r1e7n27.tif,cuadros
1771,c3r1e7n18.tif,cuadros
1772,c3r1e7n37.tif,cuadros
1773,c3r1e7n36.tif,cuadros
1774,c3r1e7n45.tif,cuadros
1775,c3r1e7n4.tif,cuadros
1776,c3r1e7n15.tif,cuadros
1777,c3r1e7n21.tif,cuadros
1778,c3r1e7n20.tif,cuadros
1779,c3r1e7n49.tif,cuadros
1780,c3r1e7n8.tif,cuadros
1781,c3r1e7n39.tif,cuadros
1782,c3r1e7n47.tif,cuadros
1783,c3r1e7n7.tif,cuadros
1784,c3r1e7n48.tif,cuadros
1785,c3r1e7n42.tif,cuadros
1786,c3r1e7n11.tif,cuadros
1787,c3r1e7n34.tif,cuadros
1788,c3r1e7n25.tif,cuadros
1789,c3r1e7n28.tif,cuadros
1790,c3r1e7n30.tif,cuadros
1791,c3r1e7n24.tif,cuadros
1792,c3r1e7n6.tif,cuadros
1793,c3r1e7n33.tif,cuadros
1794,c3r1e7n22.tif,cuadros
1795,c3r1e7n9.tif,cuadros
1796,c3r1e7n32.tif,cuadros
1797,c3r1e7n17.tif,cuadros
1798,c3r1e7n12.tif,cuadros
1799,c3r1e1n34.tif,cuadros
1800,c3r1e1n5.tif,cuadros
1801,c3r1e1n3.tif,cuadros
1802,c3r1e1n46.tif,cuadros
1803,c3r1e1n25.tif,cuadros
1804,c3r1e1n45.tif,cuadros
1805,c3r1e1n14.tif,cuadros
1806,c3r1e1n47.tif,cuadros
1807,c3r1e1n15.tif,cuadros
1808,c3r1e1n39.tif,cuadros
1809,c3r1e1n2.tif,cuadros
1810,c3r1e1n48.tif,cuadros
1811,c3r1e1n38.tif,cuadros
1812,c3r1e1n27.tif,cuadros
1813,c3r1e1n11.tif,cuadros
1814,c3r1e1n37.tif,cuadros
1815,c3r1e1n32.tif,cuadros
1816,c3r1e1n44.tif,cuadros
1817,c3r1e1n19.tif,cuadros
1818,c3r1e1n7.tif,cuadros
1819,c3r1e1n9.tif,cuadros
1820,c3r1e1n21.tif,cuadros
1821,c3r1e1n40.tif,cuadros
1822,c3r1e1n26.tif,cuadros
1823,c3r1e1n42.tif,cuadros
1824,c3r1e1n43.tif,cuadros
1825,c3r1e1n31.tif,cuadros
1826,c3r1e1n4.tif,cuadros
1827,c3r1e1n13.tif,cuadros
1828,c3r1e1n22.tif,cuadros
1829,c3r1e1n28.tif,cuadros
1830,c3r1e1n35.tif,cuadros
1831,c3r1e1n1.tif,cuadros
1832,c3r1e1n24.tif,cuadros
1833,c3r1e1n16.tif,cuadros
1834,c3r1e1n49.tif,cuadros
1835,c3r1e1n50.tif,cuadros
1836,c3r1e1n17.tif,cuadros
1837,c3r1e1n12.tif,cuadros
1838,c3r1e1n6.tif,cuadros
1839,c3r1e1n33.tif,cuadros
1840,c3r1e1n23.tif,cuadros
1841,c3r1e1n36.tif,cuadros
1842,c3r1e1n29.tif,cuadros
1843,c3r1e1n10.tif,cuadros
1844,c3r1e1n30.tif,cuadros
1845,c3r1e1n8.tif,cuadros
1846,c3r1e1n20.tif,cuadros
1847,c3r1e1n41.tif,cuadros
1848,c3r1e1n18.tif,cuadros
1849,c3r1e6n12.tif,cuadros
1850,c3r1e6n20.tif,cuadros
1851,c3r1e6n50.tif,cuadros
1852,c3r1e6n25.tif,cuadros
1853,c3r1e6n7.tif,cuadros
1854,c3r1e6n10.tif,cuadros
1855,c3r1e6n37.tif,cuadros
1856,c3r1e6n28.tif,cuadros
1857,c3r1e6n19.tif,cuadros
1858,c3r1e6n40.tif,cuadros
1859,c3r1e6n13.tif,cuadros
1860,c3r1e6n34.tif,cuadros
1861,c3r1e6n48.tif,cuadros
1862,c3r1e6n47.tif,cuadros
1863,c3r1e6n18.tif,cuadros
1864,c3r1e6n3.tif,cuadros
1865,c3r1e6n15.tif,cuadros
1866,c3r1e6n44.tif,cuadros
1867,c3r1e6n4.tif,cuadros
1868,c3r1e6n33.tif,cuadros
1869,c3r1e6n45.tif,cuadros
1870,c3r1e6n39.tif,cuadros
1871,c3r1e6n2.tif,cuadros
1872,c3r1e6n24.tif,cuadros
1873,c3r1e6n21.tif,cuadros
1874,c3r1e6n42.tif,cuadros
1875,c3r1e6n8.tif,cuadros
1876,c3r1e6n49.tif,cuadros
1877,c3r1e6n38.tif,cuadros
1878,c3r1e6n9.tif,cuadros
1879,c3r1e6n26.tif,cuadros
1880,c3r1e6n35.tif,cuadros
1881,c3r1e6n29.tif,cuadros
1882,c3r1e6n6.tif,cuadros
1883,c3r1e6n22.tif,cuadros
1884,c3r1e6n46.tif,cuadros
1885,c3r1e6n16.tif,cuadros
1886,c3r1e6n11.tif,cuadros
1887,c3r1e6n32.tif,cuadros
1888,c3r1e6n43.tif,cuadros
1889,c3r1e6n23.tif,cuadros
1890,c3r1e6n30.tif,cuadros
1891,c3r1e6n31.tif,cuadros
1892,c3r1e6n5.tif,cuadros
1893,c3r1e6n27.tif,cuadros
1894,c3r1e6n1.tif,cuadros
1895,c3r1e6n41.tif,cuadros
1896,c3r1e6n17.tif,cuadros
1897,c3r1e6n36.tif,cuadros
1898,c3r1e6n14.tif,cuadros
1899,c3r1e3n16.tif,cuadros
1900,c3r1e3n47.tif,cuadros
1901,c3r1e3n39.tif,cuadros
1902,c3r1e3n28.tif,cuadros
1903,c3r1e3n13.tif,cuadros
1904,c3r1e3n32.tif,cuadros
1905,c3r1e3n42.tif,cuadros
1906,c3r1e3n48.tif,cuadros
1907,c3r1e3n19.tif,cuadros
1908,c3r1e3n26.tif,cuadros
1909,c3r1e3n20.tif,cuadros
1910,c3r1e3n8.tif,cuadros
1911,c3r1e3n7.tif,cuadros
1912,c3r1e3n11.tif,cuadros
1913,c3r1e3n29.tif,cuadros
1914,c3r1e3n46.tif,cuadros
1915,c3r1e3n41.tif,cuadros
1916,c3r1e3n6.tif,cuadros
1917,c3r1e3n25.tif,cuadros
1918,c3r1e3n49.tif,cuadros
1919,c3r1e3n45.tif,cuadros
1920,c3r1e3n24.tif,cuadros
1921,c3r1e3n12.tif,cuadros
1922,c3r1e3n18.tif,cuadros
1923,c3r1e3n38.tif,cuadros
1924,c3r1e3n3.tif,cuadros
1925,c3r1e3n17.tif,cuadros
1926,c3r1e3n14.tif,cuadros
1927,c3r1e3n4.tif,cuadros
1928,c3r1e3n23.tif,cuadros
1929,c3r1e3n34.tif,cuadros
1930,c3r1e3n31.tif,cuadros
1931,c3r1e3n5.tif,cuadros
1932,c3r1e3n15.tif,cuadros
1933,c3r1e3n35.tif,cuadros
1934,c3r1e3n27.tif,cuadros
1935,c3r1e3n44.tif,cuadros
1936,c3r1e3n33.tif,cuadros
1937,c3r1e3n40.tif,cuadros
1938,c3r1e3n30.tif,cuadros
1939,c3r1e3n1.tif,cuadros
1940,c3r1e3n36.tif,cuadros
1941,c3r1e3n37.tif,cuadros
1942,c3r1e3n10.tif,cuadros
1943,c3r1e3n2.tif,cuadros
1944,c3r1e3n21.tif,cuadros
1945,c3r1e3n22.tif,cuadros
1946,c3r1e3n50.tif,cuadros
1947,c3r1e3n43.tif,cuadros
1948,c3r1e3n9.tif,cuadros
1949,c3r1e5n19.tif,cuadros
1950,c3r1e5n1.tif,cuadros
1951,c3r1e5n18.tif,cuadros
1952,c3r1e5n33.tif,cuadros
1953,c3r1e5n12.tif,cuadros
1954,c3r1e5n2.tif,cuadros
1955,c3r1e5n46.tif,cuadros
1956,c3r1e5n16.tif,cuadros
1957,c3r1e5n43.tif,cuadros
1958,c3r1e5n22.tif,cuadros
1959,c3r1e5n32.tif,cuadros
1960,c3r1e5n50.tif,cuadros
1961,c3r1e5n34.tif,cuadros
1962,c3r1e5n4.tif,cuadros
1963,c3r1e5n27.tif,cuadros
1964,c3r1e5n42.tif,cuadros
1965,c3r1e5n10.tif,cuadros
1966,c3r1e5n7.tif,cuadros
1967,c3r1e5n35.tif,cuadros
1968,c3r1e5n9.tif,cuadros
1969,c3r1e5n29.tif,cuadros
1970,c3r1e5n11.tif,cuadros
1971,c3r1e5n39.tif,cuadros
1972,c3r1e5n5.tif,cuadros
1973,c3r1e5n37.tif,cuadros
1974,c3r1e5n13.tif,cuadros
1975,c3r1e5n45.tif,cuadros
1976,c3r1e5n41.tif,cuadros
1977,c3r1e5n48.tif,cuadros
1978,c3r1e5n38.tif,cuadros
1979,c3r1e5n28.tif,cuadros
1980,c3r1e5n47.tif,cuadros
1981,c3r1e5n36.tif,cuadros
1982,c3r1e5n31.tif,cuadros
1983,c3r1e5n30.tif,cuadros
1984,c3r1e5n14.tif,cuadros
1985,c3r1e5n25.tif,cuadros
1986,c3r1e5n21.tif,cuadros
1987,c3r1e5n3.tif,cuadros
1988,c3r1e5n15.tif,cuadros
1989,c3r1e5n49.tif,cuadros
1990,c3r1e5n44.tif,cuadros
1991,c3r1e5n8.tif,cuadros
1992,c3r1e5n24.tif,cuadros
1993,c3r1e5n26.tif,cuadros
1994,c3r1e5n20.tif,cuadros
1995,c3r1e5n23.tif,cuadros
1996,c3r1e5n6.tif,cuadros
1997,c3r1e5n40.tif,cuadros
1998,c3r1e5n17.tif,cuadros
1999,c3r3e2n13.tif,rayas
2000,c3r3e2n7.tif,rayas
2001,c3r3e2n34.tif,rayas
2002,c3r3e2n26.tif,rayas
2003,c3r3e2n29.tif,rayas
2004,c3r3e2n36.tif,rayas
2005,c3r3e2n28.tif,rayas
2006,c3r3e2n40.tif,rayas
2007,c3r3e2n32.tif,rayas
2008,c3r3e2n18.tif,rayas
2009,c3r3e2n23.tif,rayas
2010,c3r3e2n12.tif,rayas
2011,c3r3e2n46.tif,rayas
2012,c3r3e2n9.tif,rayas
2013,c3r3e2n39.tif,rayas
2014,c3r3e2n16.tif,rayas
2015,c3r3e2n24.tif,rayas
2016,c3r3e2n14.tif,rayas
2017,c3r3e2n43.tif,rayas
2018,c3r3e2n42.tif,rayas
2019,c3r3e2n10.tif,rayas
2020,c3r3e2n27.tif,rayas
2021,c3r3e2n47.tif,rayas
2022,c3r3e2n33.tif,rayas
2023,c3r3e2n11.tif,rayas
2024,c3r3e2n22.tif,rayas
2025,c3r3e2n5.tif,rayas
2026,c3r3e2n37.tif,rayas
2027,c3r3e2n48.tif,rayas
2028,c3r3e2n3.tif,rayas
2029,c3r3e2n20.tif,rayas
2030,c3r3e2n19.tif,rayas
2031,c3r3e2n30.tif,rayas
2032,c3r3e2n8.tif,rayas
2033,c3r3e2n15.tif,rayas
2034,c3r3e2n4.tif,rayas
2035,c3r3e2n35.tif,rayas
2036,c3r3e2n2.tif,rayas
2037,c3r3e2n31.tif,rayas
2038,c3r3e2n17.tif,rayas
2039,c3r3e2n44.tif,rayas
2040,c3r3e2n49.tif,rayas
2041,c3r3e2n41.tif,rayas
2042,c3r3e2n6.tif,rayas
2043,c3r3e2n50.tif,rayas
2044,c3r3e2n38.tif,rayas
2045,c3r3e2n45.tif,rayas
2046,c3r3e2n1.tif,rayas
2047,c3r3e2n21.tif,rayas
2048,c3r3e2n25.tif,rayas
2049,c3r3e0n40.tif,rayas
2050,c3r3e0n17.tif,rayas
2051,c3r3e0n30.tif,rayas
2052,c3r3e0n16.tif,rayas
2053,c3r3e0n23.tif,rayas
2054,c3r3e0n47.tif,rayas
2055,c3r3e0n50.tif,rayas
2056,c3r3e0n14.tif,rayas
2057,c3r3e0n21.tif,rayas
2058,c3r3e0n15.tif,rayas
2059,c3r3e0n34.tif,rayas
2060,c3r3e0n24.tif,rayas
2061,c3r3e0n3.tif,rayas
2062,c3r3e0n46.tif,rayas
2063,c3r3e0n18.tif,rayas
2064,c3r3ref.tif,rayas
2065,c3r3e0n13.tif,rayas
2066,c3r3e0n11.tif,rayas
2067,c3r3e0n27.tif,rayas
2068,c3r3e0n39.tif,rayas
2069,c3r3e0n2.tif,rayas
2070,c3r3e0n32.tif,rayas
2071,c3r3e0n4.tif,rayas
2072,c3r3e0n44.tif,rayas
2073,c3r3e0n9.tif,rayas
2074,c3r3e0n45.tif,rayas
2075,c3r3e0n1.tif,rayas
2076,c3r3e0n8.tif,rayas
2077,c3r3e0n38.tif,rayas
2078,c3r3e0n6.tif,rayas
2079,c3r3e0n49.tif,rayas
2080,c3r3e0n19.tif,rayas
2081,c3r3e0n31.tif,rayas
2082,c3r3e0n28.tif,rayas
2083,c3r3e0n26.tif,rayas
2084,c3r3e0n37.tif,rayas
2085,c3r3e0n36.tif,rayas
2086,c3r3e0n22.tif,rayas
2087,c3r3e0n43.tif,rayas
2088,c3r3e0n25.tif,rayas
2089,c3r3e0n33.tif,rayas
2090,c3r3e0n48.tif,rayas
2091,c3r3e0n20.tif,rayas
2092,c3r3e0n35.tif,rayas
2093,c3r3e0n7.tif,rayas
2094,c3r3e0n10.tif,rayas
2095,c3r3e0n5.tif,rayas
2096,c3r3e0n41.tif,rayas
2097,c3r3e0n29.tif,rayas
2098,c3r3e0n12.tif,rayas
2099,c3r3e0n42.tif,rayas
2100,c3r3e4n21.tif,rayas
2101,c3r3e4n45.tif,rayas
2102,c3r3e4n50.tif,rayas
2103,c3r3e4n22.tif,rayas
2104,c3r3e4n40.tif,rayas
2105,c3r3e4n10.tif,rayas
2106,c3r3e4n26.tif,rayas
2107,c3r3e4n18.tif,rayas
2108,c3r3e4n43.tif,rayas
2109,c3r3e4n15.tif,rayas
2110,c3r3e4n42.tif,rayas
2111,c3r3e4n5.tif,rayas
2112,c3r3e4n46.tif,rayas
2113,c3r3e4n23.tif,rayas
2114,c3r3e4n14.tif,rayas
2115,c3r3e4n28.tif,rayas
2116,c3r3e4n31.tif,rayas
2117,c3r3e4n36.tif,rayas
2118,c3r3e4n34.tif,rayas
2119,c3r3e4n41.tif,rayas
2120,c3r3e4n6.tif,rayas
2121,c3r3e4n49.tif,rayas
2122,c3r3e4n1.tif,rayas
2123,c3r3e4n47.tif,rayas
2124,c3r3e4n24.tif,rayas
2125,c3r3e4n17.tif,rayas
2126,c3r3e4n3.tif,rayas
2127,c3r3e4n33.tif,rayas
2128,c3r3e4n2.tif,rayas
2129,c3r3e4n11.tif,rayas
2130,c3r3e4n32.tif,rayas
2131,c3r3e4n19.tif,rayas
2132,c3r3e4n38.tif,rayas
2133,c3r3e4n20.tif,rayas
2134,c3r3e4n29.tif,rayas
2135,c3r3e4n4.tif,rayas
2136,c3r3e4n25.tif,rayas
2137,c3r3e4n7.tif,rayas
2138,c3r3e4n37.tif,rayas
2139,c3r3e4n8.tif,rayas
2140,c3r3e4n44.tif,rayas
2141,c3r3e4n12.tif,rayas
2142,c3r3e4n9.tif,rayas
2143,c3r3e4n48.tif,rayas
2144,c3r3e4n13.tif,rayas
2145,c3r3e4n16.tif,rayas
2146,c3r3e4n27.tif,rayas
2147,c3r3e4n30.tif,rayas
2148,c3r3e4n35.tif,rayas
2149,c3r3e4n39.tif,rayas
2150,c3r3e7n41.tif,rayas
2151,c3r3e7n45.tif,rayas
2152,c3r3e7n13.tif,rayas
2153,c3r3e7n28.tif,rayas
2154,c3r3e7n11.tif,rayas
2155,c3r3e7n12.tif,rayas
2156,c3r3e7n42.tif,rayas
2157,c3r3e7n49.tif,rayas
2158,c3r3e7n7.tif,rayas
2159,c3r3e7n19.tif,rayas
2160,c3r3e7n2.tif,rayas
2161,c3r3e7n39.tif,rayas
2162,c3r3e7n36.tif,rayas
2163,c3r3e7n46.tif,rayas
2164,c3r3e7n14.tif,rayas
2165,c3r3e7n23.tif,rayas
2166,c3r3e7n47.tif,rayas
2167,c3r3e7n27.tif,rayas
2168,c3r3e7n44.tif,rayas
2169,c3r3e7n37.tif,rayas
2170,c3r3e7n35.tif,rayas
2171,c3r3e7n5.tif,rayas
2172,c3r3e7n4.tif,rayas
2173,c3r3e7n26.tif,rayas
2174,c3r3e7n15.tif,rayas
2175,c3r3e7n40.tif,rayas
2176,c3r3e7n48.tif,rayas
2177,c3r3e7n8.tif,rayas
2178,c3r3e7n38.tif,rayas
2179,c3r3e7n18.tif,rayas
2180,c3r3e7n20.tif,rayas
2181,c3r3e7n22.tif,rayas
2182,c3r3e7n21.tif,rayas
2183,c3r3e7n1.tif,rayas
2184,c3r3e7n25.tif,rayas
2185,c3r3e7n32.tif,rayas
2186,c3r3e7n33.tif,rayas
2187,c3r3e7n3.tif,rayas
2188,c3r3e7n43.tif,rayas
2189,c3r3e7n31.tif,rayas
2190,c3r3e7n29.tif,rayas
2191,c3r3e7n24.tif,rayas
2192,c3r3e7n50.tif,rayas
2193,c3r3e7n30.tif,rayas
2194,c3r3e7n10.tif,rayas
2195,c3r3e7n16.tif,rayas
2196,c3r3e7n9.tif,rayas
2197,c3r3e7n34.tif,rayas
2198,c3r3e7n6.tif,rayas
2199,c3r3e7n17.tif,rayas
2200,c3r3e1n14.tif,rayas
2201,c3r3e1n13.tif,rayas
2202,c3r3e1n50.tif,rayas
2203,c3r3e1n23.tif,rayas
2204,c3r3e1n34.tif,rayas
2205,c3r3e1n48.tif,rayas
2206,c3r3e1n46.tif,rayas
2207,c3r3e1n11.tif,rayas
2208,c3r3e1n41.tif,rayas
2209,c3r3e1n22.tif,rayas
2210,c3r3e1n21.tif,rayas
2211,c3r3e1n5.tif,rayas
2212,c3r3e1n24.tif,rayas
2213,c3r3e1n4.tif,rayas
2214,c3r3e1n2.tif,rayas
2215,c3r3e1n17.tif,rayas
2216,c3r3e1n44.tif,rayas
2217,c3r3e1n30.tif,rayas
2218,c3r3e1n1.tif,rayas
2219,c3r3e1n28.tif,rayas
2220,c3r3e1n31.tif,rayas
2221,c3r3e1n15.tif,rayas
2222,c3r3e1n33.tif,rayas
2223,c3r3e1n38.tif,rayas
2224,c3r3e1n37.tif,rayas
2225,c3r3e1n26.tif,rayas
2226,c3r3e1n36.tif,rayas
2227,c3r3e1n6.tif,rayas
2228,c3r3e1n40.tif,rayas
2229,c3r3e1n25.tif,rayas
2230,c3r3e1n27.tif,rayas
2231,c3r3e1n20.tif,rayas
2232,c3r3e1n9.tif,rayas
2233,c3r3e1n43.tif,rayas
2234,c3r3e1n29.tif,rayas
2235,c3r3e1n7.tif,rayas
2236,c3r3e1n10.tif,rayas
2237,c3r3e1n47.tif,rayas
2238,c3r3e1n39.tif,rayas
2239,c3r3e1n45.tif,rayas
2240,c3r3e1n18.tif,rayas
2241,c3r3e1n49.tif,rayas
2242,c3r3e1n16.tif,rayas
2243,c3r3e1n3.tif,rayas
2244,c3r3e1n19.tif,rayas
2245,c3r3e1n8.tif,rayas
2246,c3r3e1n32.tif,rayas
2247,c3r3e1n12.tif,rayas
2248,c3r3e1n35.tif,rayas
2249,c3r3e1n42.tif,rayas
2250,c3r3e6n23.tif,rayas
2251,c3r3e6n43.tif,rayas
2252,c3r3e6n15.tif,rayas
2253,c3r3e6n49.tif,rayas
2254,c3r3e6n13.tif,rayas
2255,c3r3e6n22.tif,rayas
2256,c3r3e6n6.tif,rayas
2257,c3r3e6n17.tif,rayas
2258,c3r3e6n25.tif,rayas
2259,c3r3e6n24.tif,rayas
2260,c3r3e6n30.tif,rayas
2261,c3r3e6n12.tif,rayas
2262,c3r3e6n47.tif,rayas
2263,c3r3e6n9.tif,rayas
2264,c3r3e6n44.tif,rayas
2265,c3r3ref.tif,rayas
2266,c3r3e6n39.tif,rayas
2267,c3r3e6n38.tif,rayas
2268,c3r3e6n1.tif,rayas
2269,c3r3e6n19.tif,rayas
2270,c3r3e6n46.tif,rayas
2271,c3r3e6n18.tif,rayas
2272,c3r3e6n11.tif,rayas
2273,c3r3e6n31.tif,rayas
2274,c3r3e6n32.tif,rayas
2275,c3r3e6n5.tif,rayas
2276,c3r3e6n28.tif,rayas
2277,c3r3e6n36.tif,rayas
2278,c3r3e6n4.tif,rayas
2279,c3r3e6n34.tif,rayas
2280,c3r3e6n40.tif,rayas
2281,c3r3e6n45.tif,rayas
2282,c3r3e6n20.tif,rayas
2283,c3r3e6n50.tif,rayas
2284,c3r3e6n42.tif,rayas
2285,c3r3e6n29.tif,rayas
2286,c3r3e6n3.tif,rayas
2287,c3r3e6n27.tif,rayas
2288,c3r3e6n33.tif,rayas
2289,c3r3e6n37.tif,rayas
2290,c3r3e6n10.tif,rayas
2291,c3r3e6n21.tif,rayas
2292,c3r3e6n7.tif,rayas
2293,c3r3e6n48.tif,rayas
2294,c3r3e6n2.tif,rayas
2295,c3r3e6n35.tif,rayas
2296,c3r3e6n8.tif,rayas
2297,c3r3e6n26.tif,rayas
2298,c3r3e6n41.tif,rayas
2299,c3r3e6n14.tif,rayas
2300,c3r3e6n16.tif,rayas
2301,c3r3e3n26.tif,rayas
2302,c3r3e3n39.tif,rayas
2303,c3r3e3n43.tif,rayas
2304,c3r3e3n18.tif,rayas
2305,c3r3e3n48.tif,rayas
2306,c3r3e3n8.tif,rayas
2307,c3r3e3n4.tif,rayas
2308,c3r3e3n30.tif,rayas
2309,c3r3e3n5.tif,rayas
2310,c3r3e3n33.tif,rayas
2311,c3r3e3n50.tif,rayas
2312,c3r3e3n21.tif,rayas
2313,c3r3e3n47.tif,rayas
2314,c3r3e3n7.tif,rayas
2315,c3r3e3n35.tif,rayas
2316,c3r3e3n12.tif,rayas
2317,c3r3e3n9.tif,rayas
2318,c3r3e3n40.tif,rayas
2319,c3r3e3n22.tif,rayas
2320,c3r3e3n19.tif,rayas
2321,c3r3e3n15.tif,rayas
2322,c3r3e3n6.tif,rayas
2323,c3r3e3n27.tif,rayas
2324,c3r3e3n46.tif,rayas
2325,c3r3e3n49.tif,rayas
2326,c3r3e3n34.tif,rayas
2327,c3r3e3n41.tif,rayas
2328,c3r3e3n38.tif,rayas
2329,c3r3e3n42.tif,rayas
2330,c3r3e3n10.tif,rayas
2331,c3r3e3n45.tif,rayas
2332,c3r3e3n31.tif,rayas
2333,c3r3e3n2.tif,rayas
2334,c3r3e3n17.tif,rayas
2335,c3r3e3n1.tif,rayas
2336,c3r3e3n36.tif,rayas
2337,c3r3e3n25.tif,rayas
2338,c3r3e3n32.tif,rayas
2339,c3r3e3n20.tif,rayas
2340,c3r3e3n28.tif,rayas
2341,c3r3e3n23.tif,rayas
2342,c3r3e3n37.tif,rayas
2343,c3r3e3n24.tif,rayas
2344,c3r3e3n16.tif,rayas
2345,c3r3e3n29.tif,rayas
2346,c3r3e3n13.tif,rayas
2347,c3r3e3n44.tif,rayas
2348,c3r3e3n14.tif,rayas
2349,c3r3e3n3.tif,rayas
2350,c3r3e3n11.tif,rayas
2351,c3r3e5n39.tif,rayas
2352,c3r3e5n17.tif,rayas
2353,c3r3e5n44.tif,rayas
2354,c3r3e5n24.tif,rayas
2355,c3r3e5n3.tif,rayas
2356,c3r3e5n46.tif,rayas
2357,c3r3e5n38.tif,rayas
2358,c3r3e5n7.tif,rayas
2359,c3r3e5n11.tif,rayas
2360,c3r3e5n41.tif,rayas
2361,c3r3e5n48.tif,rayas
2362,c3r3e5n12.tif,rayas
2363,c3r3e5n10.tif,rayas
2364,c3r3e5n27.tif,rayas
2365,c3r3e5n32.tif,rayas
2366,c3r3e5n26.tif,rayas
2367,c3r3e5n31.tif,rayas
2368,c3r3e5n49.tif,rayas
2369,c3r3e5n2.tif,rayas
2370,c3r3e5n30.tif,rayas
2371,c3r3e5n43.tif,rayas
2372,c3r3e5n40.tif,rayas
2373,c3r3e5n34.tif,rayas
2374,c3r3e5n20.tif,rayas
2375,c3r3e5n1.tif,rayas
2376,c3r3e5n29.tif,rayas
2377,c3r3e5n19.tif,rayas
2378,c3r3e5n4.tif,rayas
2379,c3r3e5n13.tif,rayas
2380,c3r3e5n16.tif,rayas
2381,c3r3e5n18.tif,rayas
2382,c3r3e5n6.tif,rayas
2383,c3r3e5n47.tif,rayas
2384,c3r3e5n23.tif,rayas
2385,c3r3e5n45.tif,rayas
2386,c3r3e5n28.tif,rayas
2387,c3r3e5n14.tif,rayas
2388,c3r3e5n8.tif,rayas
2389,c3r3e5n22.tif,rayas
2390,c3r3e5n50.tif,rayas
2391,c3r3e5n15.tif,rayas
2392,c3r3e5n9.tif,rayas
2393,c3r3e5n36.tif,rayas
2394,c3r3e5n33.tif,rayas
2395,c3r3e5n5.tif,rayas
2396,c3r3e5n42.tif,rayas
2397,c3r3e5n37.tif,rayas
2398,c3r3e5n21.tif,rayas
2399,c3r3e5n25.tif,rayas
2400,c3r3e5n35.tif,rayas
2401,c4r1e0n10.tif,estampado_floral1
2402,c4r1e0n25.tif,estampado_floral1
2403,c4r1e0n21.tif,estampado_floral1
2404,c4r1e0n48.tif,estampado_floral1
2405,c4r1e0n6.tif,estampado_floral1
2406,c4r1e0n29.tif,estampado_floral1
2407,c4r1e0n49.tif,estampado_floral1
2408,c4r1e0n1.tif,estampado_floral1
2409,c4r1e0n19.tif,estampado_floral1
2410,c4r1e0n2.tif,estampado_floral1
2411,c4r1e0n35.tif,estampado_floral1
2412,c4r1e0n8.tif,estampado_floral1
2413,c4r1e0n20.tif,estampado_floral1
2414,c4r1e0n5.tif,estampado_floral1
2415,c4r1e0n11.tif,estampado_floral1
2416,c4r1e0n44.tif,estampado_floral1
2417,c4r1e0n33.tif,estampado_floral1
2418,c4r1e0n46.tif,estampado_floral1
2419,c4r1e0n47.tif,estampado_floral1
2420,c4r1e0n36.tif,estampado_floral1
2421,c4r1e0n41.tif,estampado_floral1
2422,c4r1e0n7.tif,estampado_floral1
2423,c4r1e0n18.tif,estampado_floral1
2424,c4r1e0n42.tif,estampado_floral1
2425,c4r1e0n37.tif,estampado_floral1
2426,c4r1e0n23.tif,estampado_floral1
2427,c4r1e0n30.tif,estampado_floral1
2428,c4r1e0n12.tif,estampado_floral1
2429,c4r1e0n3.tif,estampado_floral1
2430,c4r1e0n39.tif,estampado_floral1
2431,c4r1e0n22.tif,estampado_floral1
2432,c4r1e0n24.tif,estampado_floral1
2433,c4r1e0n40.tif,estampado_floral1
2434,c4r1e0n14.tif,estampado_floral1
2435,c4r1e0n17.tif,estampado_floral1
2436,c4r1e0n16.tif,estampado_floral1
2437,c4r1ref.tif,estampado_floral1
2438,c4r1e0n45.tif,estampado_floral1
2439,c4r1e0n13.tif,estampado_floral1
2440,c4r1e0n28.tif,estampado_floral1
2441,c4r1e0n31.tif,estampado_floral1
2442,c4r1e0n50.tif,estampado_floral1
2443,c4r1e0n15.tif,estampado_floral1
2444,c4r1e0n34.tif,estampado_floral1
2445,c4r1e0n9.tif,estampado_floral1
2446,c4r1e0n32.tif,estampado_floral1
2447,c4r1e0n43.tif,estampado_floral1
2448,c4r1e0n38.tif,estampado_floral1
2449,c4r1e0n27.tif,estampado_floral1
2450,c4r1e0n26.tif,estampado_floral1
2451,c4r1e0n4.tif,estampado_floral1
2452,c4r1e4n20.tif,estampado_floral1
2453,c4r1e4n14.tif,estampado_floral1
2454,c4r1e4n25.tif,estampado_floral1
2455,c4r1e4n18.tif,estampado_floral1
2456,c4r1e4n42.tif,estampado_floral1
2457,c4r1e4n26.tif,estampado_floral1
2458,c4r1e4n50.tif,estampado_floral1
2459,c4r1e4n46.tif,estampado_floral1
2460,c4r1e4n40.tif,estampado_floral1
2461,c4r1e4n24.tif,estampado_floral1
2462,c4r1e4n35.tif,estampado_floral1
2463,c4r1e4n17.tif,estampado_floral1
2464,c4r1e4n44.tif,estampado_floral1
2465,c4r1e4n2.tif,estampado_floral1
2466,c4r1e4n1.tif,estampado_floral1
2467,c4r1e4n6.tif,estampado_floral1
2468,c4r1e4n30.tif,estampado_floral1
2469,c4r1e4n19.tif,estampado_floral1
2470,c4r1e4n11.tif,estampado_floral1
2471,c4r1e4n31.tif,estampado_floral1
2472,c4r1e4n34.tif,estampado_floral1
2473,c4r1e4n41.tif,estampado_floral1
2474,c4r1e4n3.tif,estampado_floral1
2475,c4r1e4n21.tif,estampado_floral1
2476,c4r1e4n47.tif,estampado_floral1
2477,c4r1e4n36.tif,estampado_floral1
2478,c4r1e4n8.tif,estampado_floral1
2479,c4r1e4n16.tif,estampado_floral1
2480,c4r1e4n29.tif,estampado_floral1
2481,c4r1e4n7.tif,estampado_floral1
2482,c4r1e4n9.tif,estampado_floral1
2483,c4r1e4n48.tif,estampado_floral1
2484,c4r1e4n38.tif,estampado_floral1
2485,c4r1e4n4.tif,estampado_floral1
2486,c4r1e4n12.tif,estampado_floral1
2487,c4r1e4n45.tif,estampado_floral1
2488,c4r1e4n28.tif,estampado_floral1
2489,c4r1e4n13.tif,estampado_floral1
2490,c4r1e4n32.tif,estampado_floral1
2491,c4r1e4n10.tif,estampado_floral1
2492,c4r1e4n39.tif,estampado_floral1
2493,c4r1e4n37.tif,estampado_floral1
2494,c4r1e4n49.tif,estampado_floral1
2495,c4r1e4n22.tif,estampado_floral1
2496,c4r1e4n43.tif,estampado_floral1
2497,c4r1e4n5.tif,estampado_floral1
2498,c4r1e4n27.tif,estampado_floral1
2499,c4r1e4n23.tif,estampado_floral1
2500,c4r1e4n15.tif,estampado_floral1
2501,c4r1e4n33.tif,estampado_floral1
2502,c4r1e7n37.tif,estampado_floral1
2503,c4r1e7n14.tif,estampado_floral1
2504,c4r1e7n10.tif,estampado_floral1
2505,c4r1e7n12.tif,estampado_floral1
2506,c4r1e7n34.tif,estampado_floral1
2507,c4r1e7n3.tif,estampado_floral1
2508,c4r1e7n17.tif,estampado_floral1
2509,c4r1e7n44.tif,estampado_floral1
2510,c4r1e7n22.tif,estampado_floral1
2511,c4r1e7n48.tif,estampado_floral1
2512,c4r1e7n46.tif,estampado_floral1
2513,c4r1e7n40.tif,estampado_floral1
2514,c4r1e7n47.tif,estampado_floral1
2515,c4r1e7n8.tif,estampado_floral1
2516,c4r1e7n16.tif,estampado_floral1
2517,c4r1e7n38.tif,estampado_floral1
2518,c4r1e7n7.tif,estampado_floral1
2519,c4r1e7n4.tif,estampado_floral1
2520,c4r1e7n29.tif,estampado_floral1
2521,c4r1e7n20.tif,estampado_floral1
2522,c4r1e7n19.tif,estampado_floral1
2523,c4r1e7n30.tif,estampado_floral1
2524,c4r1e7n41.tif,estampado_floral1
2525,c4r1e7n36.tif,estampado_floral1
2526,c4r1e7n6.tif,estampado_floral1
2527,c4r1e7n15.tif,estampado_floral1
2528,c4r1e7n42.tif,estampado_floral1
2529,c4r1e7n32.tif,estampado_floral1
2530,c4r1e7n43.tif,estampado_floral1
2531,c4r1e7n23.tif,estampado_floral1
2532,c4r1e7n13.tif,estampado_floral1
2533,c4r1e7n21.tif,estampado_floral1
2534,c4r1e7n39.tif,estampado_floral1
2535,c4r1e7n35.tif,estampado_floral1
2536,c4r1e7n5.tif,estampado_floral1
2537,c4r1e7n49.tif,estampado_floral1
2538,c4r1e7n2.tif,estampado_floral1
2539,c4r1e7n33.tif,estampado_floral1
2540,c4r1e7n24.tif,estampado_floral1
2541,c4r1e7n28.tif,estampado_floral1
2542,c4r1e7n18.tif,estampado_floral1
2543,c4r1e7n26.tif,estampado_floral1
2544,c4r1e7n11.tif,estampado_floral1
2545,c4r1e7n50.tif,estampado_floral1
2546,c4r1e7n1.tif,estampado_floral1
2547,c4r1e7n25.tif,estampado_floral1
2548,c4r1e7n9.tif,estampado_floral1
2549,c4r1e7n31.tif,estampado_floral1
2550,c4r1e7n27.tif,estampado_floral1
2551,c4r1e7n45.tif,estampado_floral1
2552,c4r1e1n7.tif,estampado_floral1
2553,c4r1e1n38.tif,estampado_floral1
2554,c4r1e1n17.tif,estampado_floral1
2555,c4r1e1n45.tif,estampado_floral1
2556,c4r1e1n44.tif,estampado_floral1
2557,c4r1e1n43.tif,estampado_floral1
2558,c4r1e1n6.tif,estampado_floral1
2559,c4r1e1n50.tif,estampado_floral1
2560,c4r1e1n13.tif,estampado_floral1
2561,c4r1e1n41.tif,estampado_floral1
2562,c4r1e1n34.tif,estampado_floral1
2563,c4r1e1n39.tif,estampado_floral1
2564,c4r1e1n2.tif,estampado_floral1
2565,c4r1e1n9.tif,estampado_floral1
2566,c4r1e1n3.tif,estampado_floral1
2567,c4r1e1n48.tif,estampado_floral1
2568,c4r1e1n46.tif,estampado_floral1
2569,c4r1e1n24.tif,estampado_floral1
2570,c4r1e1n25.tif,estampado_floral1
2571,c4r1e1n22.tif,estampado_floral1
2572,c4r1e1n35.tif,estampado_floral1
2573,c4r1e1n29.tif,estampado_floral1
2574,c4r1e1n47.tif,estampado_floral1
2575,c4r1e1n15.tif,estampado_floral1
2576,c4r1e1n37.tif,estampado_floral1
2577,c4r1e1n21.tif,estampado_floral1
2578,c4r1e1n32.tif,estampado_floral1
2579,c4r1e1n11.tif,estampado_floral1
2580,c4r1e1n4.tif,estampado_floral1
2581,c4r1e1n5.tif,estampado_floral1
2582,c4r1e1n19.tif,estampado_floral1
2583,c4r1e1n30.tif,estampado_floral1
2584,c4r1e1n10.tif,estampado_floral1
2585,c4r1e1n36.tif,estampado_floral1
2586,c4r1e1n14.tif,estampado_floral1
2587,c4r1e1n27.tif,estampado_floral1
2588,c4r1e1n23.tif,estampado_floral1
2589,c4r1e1n40.tif,estampado_floral1
2590,c4r1e1n8.tif,estampado_floral1
2591,c4r1e1n33.tif,estampado_floral1
2592,c4r1e1n18.tif,estampado_floral1
2593,c4r1e1n42.tif,estampado_floral1
2594,c4r1e1n16.tif,estampado_floral1
2595,c4r1e1n28.tif,estampado_floral1
2596,c4r1e1n31.tif,estampado_floral1
2597,c4r1e1n20.tif,estampado_floral1
2598,c4r1e1n12.tif,estampado_floral1
2599,c4r1e1n26.tif,estampado_floral1
2600,c4r1e1n1.tif,estampado_floral1
2601,c4r1e1n49.tif,estampado_floral1
2602,c4r1e6n45.tif,estampado_floral1
2603,c4r1e6n7.tif,estampado_floral1
2604,c4r1e6n15.tif,estampado_floral1
2605,c4r1e6n17.tif,estampado_floral1
2606,c4r1e6n16.tif,estampado_floral1
2607,c4r1e6n27.tif,estampado_floral1
2608,c4r1e6n40.tif,estampado_floral1
2609,c4r1e6n39.tif,estampado_floral1
2610,c4r1e6n25.tif,estampado_floral1
2611,c4r1e6n41.tif,estampado_floral1
2612,c4r1e6n29.tif,estampado_floral1
2613,c4r1e6n21.tif,estampado_floral1
2614,c4r1e6n23.tif,estampado_floral1
2615,c4r1e6n19.tif,estampado_floral1
2616,c4r1e6n22.tif,estampado_floral1
2617,c4r1e6n5.tif,estampado_floral1
2618,c4r1e6n47.tif,estampado_floral1
2619,c4r1e6n33.tif,estampado_floral1
2620,c4r1e6n48.tif,estampado_floral1
2621,c4r1e6n30.tif,estampado_floral1
2622,c4r1e6n1.tif,estampado_floral1
2623,c4r1e6n20.tif,estampado_floral1
2624,c4r1e6n8.tif,estampado_floral1
2625,c4r1e6n9.tif,estampado_floral1
2626,c4r1e6n36.tif,estampado_floral1
2627,c4r1e6n31.tif,estampado_floral1
2628,c4r1e6n35.tif,estampado_floral1
2629,c4r1e6n13.tif,estampado_floral1
2630,c4r1e6n37.tif,estampado_floral1
2631,c4r1e6n42.tif,estampado_floral1
2632,c4r1e6n12.tif,estampado_floral1
2633,c4r1e6n26.tif,estampado_floral1
2634,c4r1e6n18.tif,estampado_floral1
2635,c4r1e6n46.tif,estampado_floral1
2636,c4r1e6n6.tif,estampado_floral1
2637,c4r1e6n34.tif,estampado_floral1
2638,c4r1e6n11.tif,estampado_floral1
2639,c4r1e6n43.tif,estampado_floral1
2640,c4r1e6n38.tif,estampado_floral1
2641,c4r1e6n32.tif,estampado_floral1
2642,c4r1e6n4.tif,estampado_floral1
2643,c4r1e6n49.tif,estampado_floral1
2644,c4r1e6n28.tif,estampado_floral1
2645,c4r1e6n44.tif,estampado_floral1
2646,c4r1e6n3.tif,estampado_floral1
2647,c4r1e6n24.tif,estampado_floral1
2648,c4r1e6n14.tif,estampado_floral1
2649,c4r1e6n50.tif,estampado_floral1
2650,c4r1e6n10.tif,estampado_floral1
2651,c4r1e6n2.tif,estampado_floral1
2652,c4r1e3n23.tif,estampado_floral1
2653,c4r1e3n29.tif,estampado_floral1
2654,c4r1e3n11.tif,estampado_floral1
2655,c4r1e3n19.tif,estampado_floral1
2656,c4r1e3n30.tif,estampado_floral1
2657,c4r1e3n35.tif,estampado_floral1
2658,c4r1e3n15.tif,estampado_floral1
2659,c4r1e3n40.tif,estampado_floral1
2660,c4r1e3n39.tif,estampado_floral1
2661,c4r1e3n27.tif,estampado_floral1
2662,c4r1e3n43.tif,estampado_floral1
2663,c4r1e3n13.tif,estampado_floral1
2664,c4r1e3n16.tif,estampado_floral1
2665,c4r1e3n2.tif,estampado_floral1
2666,c4r1e3n4.tif,estampado_floral1
2667,c4r1e3n18.tif,estampado_floral1
2668,c4r1e3n14.tif,estampado_floral1
2669,c4r1e3n1.tif,estampado_floral1
2670,c4r1e3n6.tif,estampado_floral1
2671,c4r1e3n20.tif,estampado_floral1
2672,c4r1e3n25.tif,estampado_floral1
2673,c4r1e3n8.tif,estampado_floral1
2674,c4r1e3n50.tif,estampado_floral1
2675,c4r1e3n34.tif,estampado_floral1
2676,c4r1e3n44.tif,estampado_floral1
2677,c4r1e3n48.tif,estampado_floral1
2678,c4r1e3n28.tif,estampado_floral1
2679,c4r1e3n22.tif,estampado_floral1
2680,c4r1e3n26.tif,estampado_floral1
2681,c4r1e3n32.tif,estampado_floral1
2682,c4r1e3n41.tif,estampado_floral1
2683,c4r1e3n12.tif,estampado_floral1
2684,c4r1e3n49.tif,estampado_floral1
2685,c4r1e3n21.tif,estampado_floral1
2686,c4r1e3n5.tif,estampado_floral1
2687,c4r1e3n10.tif,estampado_floral1
2688,c4r1e3n47.tif,estampado_floral1
2689,c4r1e3n31.tif,estampado_floral1
2690,c4r1e3n9.tif,estampado_floral1
2691,c4r1e3n7.tif,estampado_floral1
2692,c4r1e3n45.tif,estampado_floral1
2693,c4r1e3n38.tif,estampado_floral1
2694,c4r1e3n46.tif,estampado_floral1
2695,c4r1e3n33.tif,estampado_floral1
2696,c4r1e3n42.tif,estampado_floral1
2697,c4r1e3n17.tif,estampado_floral1
2698,c4r1e3n24.tif,estampado_floral1
2699,c4r1e3n3.tif,estampado_floral1
2700,c4r1e3n37.tif,estampado_floral1
2701,c4r1e3n36.tif,estampado_floral1
2702,c4r1e5n43.tif,estampado_floral1
2703,c4r1e5n10.tif,estampado_floral1
2704,c4r1e5n47.tif,estampado_floral1
2705,c4r1e5n17.tif,estampado_floral1
2706,c4r1e5n40.tif,estampado_floral1
2707,c4r1e5n42.tif,estampado_floral1
2708,c4r1e5n24.tif,estampado_floral1
2709,c4r1e5n41.tif,estampado_floral1
2710,c4r1e5n32.tif,estampado_floral1
2711,c4r1e5n20.tif,estampado_floral1
2712,c4r1e5n2.tif,estampado_floral1
2713,c4r1e5n21.tif,estampado_floral1
2714,c4r1e5n8.tif,estampado_floral1
2715,c4r1e5n25.tif,estampado_floral1
2716,c4r1e5n14.tif,estampado_floral1
2717,c4r1e5n27.tif,estampado_floral1
2718,c4r1e5n4.tif,estampado_floral1
2719,c4r1e5n23.tif,estampado_floral1
2720,c4r1e5n48.tif,estampado_floral1
2721,c4r1e5n12.tif,estampado_floral1
2722,c4r1e5n26.tif,estampado_floral1
2723,c4r1e5n16.tif,estampado_floral1
2724,c4r1e5n6.tif,estampado_floral1
2725,c4r1e5n9.tif,estampado_floral1
2726,c4r1e5n34.tif,estampado_floral1
2727,c4r1e5n35.tif,estampado_floral1
2728,c4r1e5n33.tif,estampado_floral1
2729,c4r1e5n37.tif,estampado_floral1
2730,c4r1e5n15.tif,estampado_floral1
2731,c4r1e5n3.tif,estampado_floral1
2732,c4r1e5n5.tif,estampado_floral1
2733,c4r1e5n1.tif,estampado_floral1
2734,c4r1e5n22.tif,estampado_floral1
2735,c4r1e5n31.tif,estampado_floral1
2736,c4r1e5n38.tif,estampado_floral1
2737,c4r1e5n28.tif,estampado_floral1
2738,c4r1e5n11.tif,estampado_floral1
2739,c4r1e5n36.tif,estampado_floral1
2740,c4r1e5n44.tif,estampado_floral1
2741,c4r1e5n29.tif,estampado_floral1
2742,c4r1e5n39.tif,estampado_floral1
2743,c4r1e5n13.tif,estampado_floral1
2744,c4r1e5n45.tif,estampado_floral1
2745,c4r1e5n18.tif,estampado_floral1
2746,c4r1e5n49.tif,estampado_floral1
2747,c4r1e5n7.tif,estampado_floral1
2748,c4r1e5n46.tif,estampado_floral1
2749,c4r1e5n19.tif,estampado_floral1
2750,c4r1e5n30.tif,estampado_floral1
2751,c4r1e5n50.tif,estampado_floral1
2752,c4r3e2n28.tif,estampado_floral2
2753,c4r3e2n1.tif,estampado_floral2
2754,c4r3e2n39.tif,estampado_floral2
2755,c4r3e2n45.tif,estampado_floral2
2756,c4r3e2n46.tif,estampado_floral2
2757,c4r3e2n48.tif,estampado_floral2
2758,c4r3e2n37.tif,estampado_floral2
2759,c4r3e2n11.tif,estampado_floral2
2760,c4r3e2n6.tif,estampado_floral2
2761,c4r3e2n35.tif,estampado_floral2
2762,c4r3e2n42.tif,estampado_floral2
2763,c4r3e2n32.tif,estampado_floral2
2764,c4r3e2n25.tif,estampado_floral2
2765,c4r3e2n33.tif,estampado_floral2
2766,c4r3e2n31.tif,estampado_floral2
2767,c4r3e2n3.tif,estampado_floral2
2768,c4r3e2n36.tif,estampado_floral2
2769,c4r3e2n38.tif,estampado_floral2
2770,c4r3e2n12.tif,estampado_floral2
2771,c4r3e2n2.tif,estampado_floral2
2772,c4r3e2n49.tif,estampado_floral2
2773,c4r3e2n47.tif,estampado_floral2
2774,c4r3e2n21.tif,estampado_floral2
2775,c4r3e2n26.tif,estampado_floral2
2776,c4r3e2n23.tif,estampado_floral2
2777,c4r3e2n27.tif,estampado_floral2
2778,c4r3e2n29.tif,estampado_floral2
2779,c4r3e2n14.tif,estampado_floral2
2780,c4r3e2n43.tif,estampado_floral2
2781,c4r3e2n50.tif,estampado_floral2
2782,c4r3e2n9.tif,estampado_floral2
2783,c4r3e2n4.tif,estampado_floral2
2784,c4r3e2n8.tif,estampado_floral2
2785,c4r3e2n19.tif,estampado_floral2
2786,c4r3e2n13.tif,estampado_floral2
2787,c4r3e2n24.tif,estampado_floral2
2788,c4r3e2n22.tif,estampado_floral2
2789,c4r3e2n20.tif,estampado_floral2
2790,c4r3e2n18.tif,estampado_floral2
2791,c4r3e2n7.tif,estampado_floral2
2792,c4r3e2n34.tif,estampado_floral2
2793,c4r3e2n44.tif,estampado_floral2
2794,c4r3e2n15.tif,estampado_floral2
2795,c4r3e2n5.tif,estampado_floral2
2796,c4r3e2n30.tif,estampado_floral2
2797,c4r3e2n16.tif,estampado_floral2
2798,c4r3e2n17.tif,estampado_floral2
2799,c4r3e2n41.tif,estampado_floral2
2800,c4r3e2n10.tif,estampado_floral2
2801,c4r3e2n40.tif,estampado_floral2
2802,c4r3e0n41.tif,estampado_floral2
2803,c4r3e0n27.tif,estampado_floral2
2804,c4r3ref.tif,estampado_floral2
2805,c4r3e0n23.tif,estampado_floral2
2806,c4r3e0n2.tif,estampado_floral2
2807,c4r3e0n7.tif,estampado_floral2
2808,c4r3e0n44.tif,estampado_floral2
2809,c4r3e0n20.tif,estampado_floral2
2810,c4r3e0n46.tif,estampado_floral2
2811,c4r3e0n37.tif,estampado_floral2
2812,c4r3e0n24.tif,estampado_floral2
2813,c4r3e0n3.tif,estampado_floral2
2814,c4r3e0n9.tif,estampado_floral2
2815,c4r3e0n43.tif,estampado_floral2
2816,c4r3e0n16.tif,estampado_floral2
2817,c4r3e0n33.tif,estampado_floral2
2818,c4r3e0n39.tif,estampado_floral2
2819,c4r3e0n13.tif,estampado_floral2
2820,c4r3e0n32.tif,estampado_floral2
2821,c4r3e0n49.tif,estampado_floral2
2822,c4r3e0n5.tif,estampado_floral2
2823,c4r3e0n40.tif,estampado_floral2
2824,c4r3e0n11.tif,estampado_floral2
2825,c4r3e0n25.tif,estampado_floral2
2826,c4r3e0n47.tif,estampado_floral2
2827,c4r3e0n29.tif,estampado_floral2
2828,c4r3e0n31.tif,estampado_floral2
2829,c4r3e0n21.tif,estampado_floral2
2830,c4r3e0n4.tif,estampado_floral2
2831,c4r3e0n17.tif,estampado_floral2
2832,c4r3e0n15.tif,estampado_floral2
2833,c4r3e0n30.tif,estampado_floral2
2834,c4r3e0n22.tif,estampado_floral2
2835,c4r3e0n1.tif,estampado_floral2
2836,c4r3e0n45.tif,estampado_floral2
2837,c4r3e0n28.tif,estampado_floral2
2838,c4r3e0n8.tif,estampado_floral2
2839,c4r3e0n36.tif,estampado_floral2
2840,c4r3e0n50.tif,estampado_floral2
2841,c4r3e0n12.tif,estampado_floral2
2842,c4r3e0n35.tif,estampado_floral2
2843,c4r3e0n42.tif,estampado_floral2
2844,c4r3e0n48.tif,estampado_floral2
2845,c4r3e0n18.tif,estampado_floral2
2846,c4r3e0n19.tif,estampado_floral2
2847,c4r3e0n34.tif,estampado_floral2
2848,c4r3e0n10.tif,estampado_floral2
2849,c4r3e0n6.tif,estampado_floral2
2850,c4r3e0n14.tif,estampado_floral2
2851,c4r3e0n38.tif,estampado_floral2
2852,c4r3e0n26.tif,estampado_floral2
2853,c4r3e4n34.tif,estampado_floral2
2854,c4r3e4n4.tif,estampado_floral2
2855,c4r3e4n13.tif,estampado_floral2
2856,c4r3e4n22.tif,estampado_floral2
2857,c4r3e4n10.tif,estampado_floral2
2858,c4r3e4n8.tif,estampado_floral2
2859,c4r3e4n26.tif,estampado_floral2
2860,c4r3e4n5.tif,estampado_floral2
2861,c4r3e4n21.tif,estampado_floral2
2862,c4r3e4n9.tif,estampado_floral2
2863,c4r3e4n30.tif,estampado_floral2
2864,c4r3e4n17.tif,estampado_floral2
2865,c4r3e4n41.tif,estampado_floral2
2866,c4r3e4n24.tif,estampado_floral2
2867,c4r3e4n36.tif,estampado_floral2
2868,c4r3e4n14.tif,estampado_floral2
2869,c4r3e4n35.tif,estampado_floral2
2870,c4r3e4n16.tif,estampado_floral2
2871,c4r3e4n27.tif,estampado_floral2
2872,c4r3e4n29.tif,estampado_floral2
2873,c4r3e4n50.tif,estampado_floral2
2874,c4r3e4n33.tif,estampado_floral2
2875,c4r3e4n18.tif,estampado_floral2
2876,c4r3e4n31.tif,estampado_floral2
2877,c4r3e4n7.tif,estampado_floral2
2878,c4r3e4n3.tif,estampado_floral2
2879,c4r3e4n6.tif,estampado_floral2
2880,c4r3e4n47.tif,estampado_floral2
2881,c4r3e4n28.tif,estampado_floral2
2882,c4r3e4n49.tif,estampado_floral2
2883,c4r3e4n38.tif,estampado_floral2
2884,c4r3e4n23.tif,estampado_floral2
2885,c4r3e4n32.tif,estampado_floral2
2886,c4r3e4n12.tif,estampado_floral2
2887,c4r3e4n43.tif,estampado_floral2
2888,c4r3e4n19.tif,estampado_floral2
2889,c4r3e4n39.tif,estampado_floral2
2890,c4r3e4n37.tif,estampado_floral2
2891,c4r3e4n42.tif,estampado_floral2
2892,c4r3e4n1.tif,estampado_floral2
2893,c4r3e4n2.tif,estampado_floral2
2894,c4r3e4n11.tif,estampado_floral2
2895,c4r3e4n46.tif,estampado_floral2
2896,c4r3e4n20.tif,estampado_floral2
2897,c4r3e4n25.tif,estampado_floral2
2898,c4r3e4n40.tif,estampado_floral2
2899,c4r3e4n48.tif,estampado_floral2
2900,c4r3e4n15.tif,estampado_floral2
2901,c4r3e4n45.tif,estampado_floral2
2902,c4r3e4n44.tif,estampado_floral2
2903,c4r3e7n39.tif,estampado_floral2
2904,c4r3e7n22.tif,estampado_floral2
2905,c4r3e7n37.tif,estampado_floral2
2906,c4r3e7n3.tif,estampado_floral2
2907,c4r3e7n44.tif,estampado_floral2
2908,c4r3e7n16.tif,estampado_floral2
2909,c4r3e7n17.tif,estampado_floral2
2910,c4r3e7n45.tif,estampado_floral2
2911,c4r3e7n50.tif,estampado_floral2
2912,c4r3e7n35.tif,estampado_floral2
2913,c4r3e7n18.tif,estampado_floral2
2914,c4r3e7n5.tif,estampado_floral2
2915,c4r3e7n23.tif,estampado_floral2
2916,c4r3e7n43.tif,estampado_floral2
2917,c4r3e7n2.tif,estampado_floral2
2918,c4r3e7n4.tif,estampado_floral2
2919,c4r3e7n7.tif,estampado_floral2
2920,c4r3e7n33.tif,estampado_floral2
2921,c4r3e7n34.tif,estampado_floral2
2922,c4r3e7n15.tif,estampado_floral2
2923,c4r3e7n21.tif,estampado_floral2
2924,c4r3e7n41.tif,estampado_floral2
2925,c4r3e7n32.tif,estampado_floral2
2926,c4r3e7n8.tif,estampado_floral2
2927,c4r3e7n24.tif,estampado_floral2
2928,c4r3e7n27.tif,estampado_floral2
2929,c4r3e7n6.tif,estampado_floral2
2930,c4r3e7n28.tif,estampado_floral2
2931,c4r3e7n36.tif,estampado_floral2
2932,c4r3e7n14.tif,estampado_floral2
2933,c4r3e7n12.tif,estampado_floral2
2934,c4r3e7n49.tif,estampado_floral2
2935,c4r3e7n9.tif,estampado_floral2
2936,c4r3e7n47.tif,estampado_floral2
2937,c4r3e7n29.tif,estampado_floral2
2938,c4r3e7n31.tif,estampado_floral2
2939,c4r3e7n20.tif,estampado_floral2
2940,c4r3e7n26.tif,estampado_floral2
2941,c4r3e7n25.tif,estampado_floral2
2942,c4r3e7n48.tif,estampado_floral2
2943,c4r3e7n10.tif,estampado_floral2
2944,c4r3e7n19.tif,estampado_floral2
2945,c4r3e7n30.tif,estampado_floral2
2946,c4r3e7n1.tif,estampado_floral2
2947,c4r3e7n46.tif,estampado_floral2
2948,c4r3e7n11.tif,estampado_floral2
2949,c4r3e7n38.tif,estampado_floral2
2950,c4r3e7n42.tif,estampado_floral2
2951,c4r3e7n40.tif,estampado_floral2
2952,c4r3e7n13.tif,estampado_floral2
2953,c4r3e1n14.tif,estampado_floral2
2954,c4r3e1n18.tif,estampado_floral2
2955,c4r3e1n48.tif,estampado_floral2
2956,c4r3e1n21.tif,estampado_floral2
2957,c4r3e1n47.tif,estampado_floral2
2958,c4r3e1n40.tif,estampado_floral2
2959,c4r3e1n45.tif,estampado_floral2
2960,c4r3e1n46.tif,estampado_floral2
2961,c4r3e1n3.tif,estampado_floral2
2962,c4r3e1n35.tif,estampado_floral2
2963,c4r3e1n10.tif,estampado_floral2
2964,c4r3e1n49.tif,estampado_floral2
2965,c4r3e1n7.tif,estampado_floral2
2966,c4r3e1n42.tif,estampado_floral2
2967,c4r3e1n16.tif,estampado_floral2
2968,c4r3e1n20.tif,estampado_floral2
2969,c4r3e1n12.tif,estampado_floral2
2970,c4r3e1n50.tif,estampado_floral2
2971,c4r3e1n39.tif,estampado_floral2
2972,c4r3e1n27.tif,estampado_floral2
2973,c4r3e1n15.tif,estampado_floral2
2974,c4r3e1n26.tif,estampado_floral2
2975,c4r3e1n4.tif,estampado_floral2
2976,c4r3e1n31.tif,estampado_floral2
2977,c4r3e1n34.tif,estampado_floral2
2978,c4r3e1n38.tif,estampado_floral2
2979,c4r3e1n25.tif,estampado_floral2
2980,c4r3e1n6.tif,estampado_floral2
2981,c4r3e1n11.tif,estampado_floral2
2982,c4r3e1n32.tif,estampado_floral2
2983,c4r3e1n23.tif,estampado_floral2
2984,c4r3e1n43.tif,estampado_floral2
2985,c4r3e1n9.tif,estampado_floral2
2986,c4r3e1n17.tif,estampado_floral2
2987,c4r3e1n44.tif,estampado_floral2
2988,c4r3e1n1.tif,estampado_floral2
2989,c4r3e1n30.tif,estampado_floral2
2990,c4r3e1n36.tif,estampado_floral2
2991,c4r3e1n5.tif,estampado_floral2
2992,c4r3e1n8.tif,estampado_floral2
2993,c4r3e1n2.tif,estampado_floral2
2994,c4r3e1n29.tif,estampado_floral2
2995,c4r3e1n22.tif,estampado_floral2
2996,c4r3e1n24.tif,estampado_floral2
2997,c4r3e1n13.tif,estampado_floral2
2998,c4r3e1n33.tif,estampado_floral2
2999,c4r3e1n41.tif,estampado_floral2
3000,c4r3e1n19.tif,estampado_floral2
3001,c4r3e1n28.tif,estampado_floral2
3002,c4r3e1n37.tif,estampado_floral2
3003,c4r3e6n10.tif,estampado_floral2
3004,c4r3e6n39.tif,estampado_floral2
3005,c4r3e6n50.tif,estampado_floral2
3006,c4r3e6n27.tif,estampado_floral2
3007,c4r3e6n9.tif,estampado_floral2
3008,c4r3e6n28.tif,estampado_floral2
3009,c4r3e6n6.tif,estampado_floral2
3010,c4r3e6n3.tif,estampado_floral2
3011,c4r3e6n23.tif,estampado_floral2
3012,c4r3e6n30.tif,estampado_floral2
3013,c4r3e6n22.tif,estampado_floral2
3014,c4r3e6n33.tif,estampado_floral2
3015,c4r3e6n17.tif,estampado_floral2
3016,c4r3e6n38.tif,estampado_floral2
3017,c4r3e6n29.tif,estampado_floral2
3018,c4r3e6n35.tif,estampado_floral2
3019,c4r3e6n18.tif,estampado_floral2
3020,c4r3e6n46.tif,estampado_floral2
3021,c4r3e6n12.tif,estampado_floral2
3022,c4r3e6n15.tif,estampado_floral2
3023,c4r3e6n49.tif,estampado_floral2
3024,c4r3e6n25.tif,estampado_floral2
3025,c4r3e6n47.tif,estampado_floral2
3026,c4r3e6n14.tif,estampado_floral2
3027,c4r3e6n37.tif,estampado_floral2
3028,c4r3e6n40.tif,estampado_floral2
3029,c4r3e6n11.tif,estampado_floral2
3030,c4r3e6n42.tif,estampado_floral2
3031,c4r3e6n19.tif,estampado_floral2
3032,c4r3e6n8.tif,estampado_floral2
3033,c4r3e6n34.tif,estampado_floral2
3034,c4r3e6n41.tif,estampado_floral2
3035,c4r3e6n43.tif,estampado_floral2
3036,c4r3e6n45.tif,estampado_floral2
3037,c4r3e6n13.tif,estampado_floral2
3038,c4r3e6n26.tif,estampado_floral2
3039,c4r3e6n16.tif,estampado_floral2
3040,c4r3e6n24.tif,estampado_floral2
3041,c4r3e6n32.tif,estampado_floral2
3042,c4r3e6n5.tif,estampado_floral2
3043,c4r3e6n36.tif,estampado_floral2
3044,c4r3e6n20.tif,estampado_floral2
3045,c4r3e6n2.tif,estampado_floral2
3046,c4r3e6n4.tif,estampado_floral2
3047,c4r3e6n31.tif,estampado_floral2
3048,c4r3e6n44.tif,estampado_floral2
3049,c4r3e6n48.tif,estampado_floral2
3050,c4r3e6n21.tif,estampado_floral2
3051,c4r3e6n1.tif,estampado_floral2
3052,c4r3e6n7.tif,estampado_floral2
3053,c4r3e3n33.tif,estampado_floral2
3054,c4r3e3n12.tif,estampado_floral2
3055,c4r3e3n13.tif,estampado_floral2
3056,c4r3e3n39.tif,estampado_floral2
3057,c4r3e3n17.tif,estampado_floral2
3058,c4r3e3n42.tif,estampado_floral2
3059,c4r3e3n25.tif,estampado_floral2
3060,c4r3e3n30.tif,estampado_floral2
3061,c4r3e3n16.tif,estampado_floral2
3062,c4r3e3n23.tif,estampado_floral2
3063,c4r3e3n31.tif,estampado_floral2
3064,c4r3e3n35.tif,estampado_floral2
3065,c4r3e3n32.tif,estampado_floral2
3066,c4r3e3n40.tif,estampado_floral2
3067,c4r3e3n41.tif,estampado_floral2
3068,c4r3e3n14.tif,estampado_floral2
3069,c4r3e3n8.tif,estampado_floral2
3070,c4r3e3n20.tif,estampado_floral2
3071,c4r3e3n21.tif,estampado_floral2
3072,c4r3e3n1.tif,estampado_floral2
3073,c4r3e3n9.tif,estampado_floral2
3074,c4r3e3n7.tif,estampado_floral2
3075,c4r3e3n43.tif,estampado_floral2
3076,c4r3e3n22.tif,estampado_floral2
3077,c4r3e3n49.tif,estampado_floral2
3078,c4r3e3n29.tif,estampado_floral2
3079,c4r3e3n2.tif,estampado_floral2
3080,c4r3e3n15.tif,estampado_floral2
3081,c4r3e3n37.tif,estampado_floral2
3082,c4r3e3n36.tif,estampado_floral2
3083,c4r3e3n19.tif,estampado_floral2
3084,c4r3e3n24.tif,estampado_floral2
3085,c4r3e3n4.tif,estampado_floral2
3086,c4r3e3n6.tif,estampado_floral2
3087,c4r3e3n27.tif,estampado_floral2
3088,c4r3e3n3.tif,estampado_floral2
3089,c4r3e3n18.tif,estampado_floral2
3090,c4r3e3n38.tif,estampado_floral2
3091,c4r3e3n10.tif,estampado_floral2
3092,c4r3e3n5.tif,estampado_floral2
3093,c4r3e3n50.tif,estampado_floral2
3094,c4r3e3n11.tif,estampado_floral2
3095,c4r3e3n47.tif,estampado_floral2
3096,c4r3e3n34.tif,estampado_floral2
3097,c4r3e3n28.tif,estampado_floral2
3098,c4r3e3n48.tif,estampado_floral2
3099,c4r3e3n45.tif,estampado_floral2
3100,c4r3e3n26.tif,estampado_floral2
3101,c4r3e3n46.tif,estampado_floral2
3102,c4r3e3n44.tif,estampado_floral2
3103,c4r3e5n47.tif,estampado_floral2
3104,c4r3e5n48.tif,estampado_floral2
3105,c4r3e5n35.tif,estampado_floral2
3106,c4r3e5n50.tif,estampado_floral2
3107,c4r3e5n36.tif,estampado_floral2
3108,c4r3e5n6.tif,estampado_floral2
3109,c4r3e5n19.tif,estampado_floral2
3110,c4r3e5n21.tif,estampado_floral2
3111,c4r3e5n42.tif,estampado_floral2
3112,c4r3e5n4.tif,estampado_floral2
3113,c4r3e5n24.tif,estampado_floral2
3114,c4r3e5n33.tif,estampado_floral2
3115,c4r3e5n38.tif,estampado_floral2
3116,c4r3e5n13.tif,estampado_floral2
3117,c4r3e5n18.tif,estampado_floral2
3118,c4r3e5n23.tif,estampado_floral2
3119,c4r3e5n45.tif,estampado_floral2
3120,c4r3e5n30.tif,estampado_floral2
3121,c4r3e5n32.tif,estampado_floral2
3122,c4r3e5n46.tif,estampado_floral2
3123,c4r3e5n7.tif,estampado_floral2
3124,c4r3e5n17.tif,estampado_floral2
3125,c4r3e5n2.tif,estampado_floral2
3126,c4r3e5n10.tif,estampado_floral2
3127,c4r3e5n14.tif,estampado_floral2
3128,c4r3e5n44.tif,estampado_floral2
3129,c4r3e5n20.tif,estampado_floral2
3130,c4r3e5n3.tif,estampado_floral2
3131,c4r3e5n37.tif,estampado_floral2
3132,c4r3e5n12.tif,estampado_floral2
3133,c4r3e5n40.tif,estampado_floral2
3134,c4r3e5n31.tif,estampado_floral2
3135,c4r3e5n43.tif,estampado_floral2
3136,c4r3e5n29.tif,estampado_floral2
3137,c4r3e5n34.tif,estampado_floral2
3138,c4r3e5n11.tif,estampado_floral2
3139,c4r3e5n15.tif,estampado_floral2
3140,c4r3e5n9.tif,estampado_floral2
3141,c4r3e5n41.tif,estampado_floral2
3142,c4r3e5n39.tif,estampado_floral2
3143,c4r3e5n8.tif,estampado_floral2
3144,c4r3e5n25.tif,estampado_floral2
3145,c4r3e5n26.tif,estampado_floral2
3146,c4r3e5n22.tif,estampado_floral2
3147,c4r3e5n16.tif,estampado_floral2
3148,c4r3e5n27.tif,estampado_floral2
3149,c4r3e5n1.tif,estampado_floral2
3150,c4r3e5n28.tif,estampado_floral2
3151,c4r3e5n49.tif,estampado_floral2
